log_time,frame,PersistentLevel,X,Y,Z,FPS,FPSMs,GameThread,RenderThread,GPUFrame,RHIThreadTime,ActorName,ElapsedTime
2026.07.31-05.08.44:883,262,PL_SampleFPS,0.000000,0.000000,0.000000,1.524778,655.833130,28.512653,53.558086,84.416641,12.231805,,16.043624
2026.07.31-05.08.44:919,264,PL_SampleFPS,0.000000,0.000000,0.000000,2.652034,377.069092,20.218914,10.544062,15.559820,1.957166,,16.079472
2026.07.31-05.08.44:996,267,PL_SampleFPS,0.000000,0.000000,0.000000,5.679093,176.084457,22.197248,11.796238,14.686120,7.981977,,16.156902
2026.07.31-05.08.45:033,269,PL_SampleFPS,0.000000,0.000000,0.000000,9.290361,107.638443,22.971519,10.347127,18.740295,7.129446,,16.193999
2026.07.31-05.08.45:070,271,PL_SampleFPS,0.000000,0.000000,0.000000,14.492702,69.000244,22.600100,10.111061,18.972511,7.906924,,16.230785
2026.07.31-05.08.45:108,273,PL_SampleFPS,0.000000,0.000000,0.000000,21.026815,47.558319,23.181284,9.200796,17.811426,9.096875,,16.268793
2026.07.31-05.08.45:145,275,PL_SampleFPS,0.000000,0.000000,0.000000,28.259405,35.386448,23.809296,10.344561,17.590757,8.742777,,16.306359
2026.07.31-05.08.45:183,277,PL_SampleFPS,0.000000,0.000000,0.000000,34.878727,28.670771,23.607229,9.408636,17.973082,7.257101,,16.343985
2026.07.31-05.08.45:220,279,PL_SampleFPS,0.000000,0.000000,0.000000,40.661972,24.593002,23.293545,9.996235,17.432951,6.053679,,16.381347
2026.07.31-05.08.45:262,281,PL_SampleFPS,0.000000,0.000000,0.000000,42.830761,23.347706,27.492052,10.617191,20.351702,7.384115,,16.422876
2026.07.31-05.08.45:299,283,PL_SampleFPS,0.000000,0.000000,0.000000,46.099602,21.692162,23.599531,10.553684,17.882631,5.618111,,16.460398
2026.07.31-05.08.45:338,285,PL_SampleFPS,0.000000,0.000000,0.000000,47.635002,20.992966,24.520702,9.395165,17.885839,4.941988,,16.498759
2026.07.31-05.08.45:374,287,PL_SampleFPS,0.000000,0.000000,0.000000,49.523659,20.192369,23.194756,10.387540,17.817842,4.003498,,16.535425
2026.07.31-05.08.45:412,289,PL_SampleFPS,0.000000,0.000000,0.000000,49.885357,20.045963,24.083851,11.751333,17.527891,3.174701,,16.573144
2026.07.31-05.08.45:465,292,PL_SampleFPS,0.000000,0.000000,0.000000,51.602379,19.378952,25.151920,10.445273,17.372011,2.071350,,16.626095
2026.07.31-05.08.45:520,295,PL_SampleFPS,0.000000,0.000000,0.000000,51.263748,19.506962,26.622202,10.775638,17.053835,2.560160,,16.680635
2026.07.31-05.08.45:573,298,PL_SampleFPS,0.000000,0.000000,0.000000,51.530296,19.406059,24.911366,10.053968,16.815203,1.035354,,16.733998
2026.07.31-05.08.45:624,301,PL_SampleFPS,0.000000,0.000000,0.000000,53.814465,18.582365,23.718847,10.146342,16.990328,2.893731,,16.784519
2026.07.31-05.08.45:679,304,PL_SampleFPS,0.000000,0.000000,0.000000,52.082088,19.200459,25.110224,9.767867,17.432951,1.721100,,16.839820
2026.07.31-05.08.45:726,307,PL_SampleFPS,0.000000,0.000000,0.000000,57.350086,17.436766,18.565170,9.795451,17.815918,2.465220,,16.886658
2026.07.31-05.08.45:771,310,PL_SampleFPS,0.000000,0.000000,0.000000,61.747150,16.195080,15.190968,9.662663,17.466951,4.401859,,16.931935
2026.07.31-05.08.45:814,313,PL_SampleFPS,0.000000,0.000000,0.000000,68.161644,14.671007,12.713559,9.179626,17.216772,8.562520,,16.975384
2026.07.31-05.08.45:850,315,PL_SampleFPS,0.000000,0.000000,0.000000,64.277275,15.557598,12.442853,10.615267,17.019836,8.740211,,17.010564
2026.07.31-05.08.45:885,317,PL_SampleFPS,0.000000,0.000000,0.000000,58.356724,17.135986,15.636157,11.254184,17.027534,8.218685,,17.046216
2026.07.31-05.08.45:937,320,PL_SampleFPS,0.000000,0.000000,0.000000,57.697506,17.331772,14.077353,9.890390,17.146210,8.194950,,17.097991
2026.07.31-05.08.45:973,322,PL_SampleFPS,0.000000,0.000000,0.000000,56.652939,17.651335,13.724537,9.373997,17.098097,8.502220,,17.133486
2026.07.31-05.08.46:008,324,PL_SampleFPS,0.000000,0.000000,0.000000,57.197063,17.483416,13.899661,9.175778,17.324541,8.074351,,17.168580
2026.07.31-05.08.46:043,326,PL_SampleFPS,0.000000,0.000000,0.000000,56.737270,17.625099,14.069654,10.388824,17.691469,8.883904,,17.203731
2026.07.31-05.08.46:078,328,PL_SampleFPS,0.000000,0.000000,0.000000,56.331345,17.752106,14.707931,9.125742,17.168661,8.286040,,17.239285
2026.07.31-05.08.46:113,330,PL_SampleFPS,0.000000,0.000000,0.000000,56.734695,17.625898,15.134517,9.281623,17.269373,7.841493,,17.274215
2026.07.31-05.08.46:149,332,PL_SampleFPS,0.000000,0.000000,0.000000,54.577141,18.322689,16.108288,10.105288,17.258469,8.524673,,17.309873
2026.07.31-05.08.46:184,334,PL_SampleFPS,0.000000,0.000000,0.000000,55.918472,17.883179,14.119049,9.044915,16.936443,7.815192,,17.344751
2026.07.31-05.08.46:219,336,PL_SampleFPS,0.000000,0.000000,0.000000,57.203270,17.481518,13.033659,9.166798,17.171227,8.344416,,17.379735
2026.07.31-05.08.46:254,338,PL_SampleFPS,0.000000,0.000000,0.000000,55.797043,17.922096,14.743212,9.361808,17.089117,7.872284,,17.414852
2026.07.31-05.08.46:289,340,PL_SampleFPS,0.000000,0.000000,0.000000,56.394501,17.732225,14.516768,9.369506,17.313637,8.049974,,17.450239
2026.07.31-05.08.46:324,342,PL_SampleFPS,0.000000,0.000000,0.000000,55.861774,17.901329,15.652836,10.060384,17.372652,8.762021,,17.485464
2026.07.31-05.08.46:378,345,PL_SampleFPS,0.000000,0.000000,0.000000,55.343555,18.068951,15.160818,9.645986,17.112852,8.044843,,17.539124
2026.07.31-05.08.46:429,348,PL_SampleFPS,0.000000,0.000000,0.000000,55.910908,17.885597,14.488544,9.378487,16.567591,8.039069,,17.590415
2026.07.31-05.08.46:482,351,PL_SampleFPS,0.000000,0.000000,0.000000,58.269009,17.161781,12.467229,9.556178,17.212923,8.609348,,17.642891
2026.07.31-05.08.46:517,353,PL_SampleFPS,0.000000,0.000000,0.000000,58.210835,17.178932,12.877137,10.384333,16.969160,8.623461,,17.677961
2026.07.31-05.08.46:552,355,PL_SampleFPS,0.000000,0.000000,0.000000,56.772995,17.614008,14.303796,9.889108,17.101946,8.085897,,17.713002
2026.07.31-05.08.46:587,357,PL_SampleFPS,0.000000,0.000000,0.000000,56.002815,17.856245,14.776569,9.579271,16.919125,7.852398,,17.747600
2026.07.31-05.08.46:638,360,PL_SampleFPS,0.000000,0.000000,0.000000,58.517628,17.088867,12.220900,10.547911,17.178925,8.942920,,17.799327
2026.07.31-05.08.46:674,362,PL_SampleFPS,0.000000,0.000000,0.000000,56.331200,17.752151,13.909284,8.893525,17.173151,7.636859,,17.834523
2026.07.31-05.08.46:709,364,PL_SampleFPS,0.000000,0.000000,0.000000,55.674755,17.961462,14.263383,9.582479,17.056400,7.790174,,17.869582
2026.07.31-05.08.46:761,367,PL_SampleFPS,0.000000,0.000000,0.000000,57.569180,17.370405,12.156110,10.249621,17.344427,8.620254,,17.922426
2026.07.31-05.08.46:796,369,PL_SampleFPS,0.000000,0.000000,0.000000,58.312405,17.149010,12.109282,9.158458,17.040363,8.189177,,17.956935
2026.07.31-05.08.46:831,371,PL_SampleFPS,0.000000,0.000000,0.000000,57.852253,17.285412,12.052190,9.220040,17.232168,7.931300,,17.991706
2026.07.31-05.08.46:866,373,PL_SampleFPS,0.000000,0.000000,0.000000,56.055401,17.839495,14.190895,9.085329,17.438084,7.732440,,18.027367
2026.07.31-05.08.46:918,376,PL_SampleFPS,0.000000,0.000000,0.000000,56.239204,17.781191,13.635370,8.991673,16.939009,7.930659,,18.078950
2026.07.31-05.08.46:969,379,PL_SampleFPS,0.000000,0.000000,0.000000,58.358658,17.135418,11.745561,10.204076,16.623400,8.137217,,18.130403
2026.07.31-05.08.47:004,381,PL_SampleFPS,0.000000,0.000000,0.000000,56.513596,17.694857,13.938150,9.945558,16.616985,7.760024,,18.164625
2026.07.31-05.08.47:055,384,PL_SampleFPS,0.000000,0.000000,0.000000,59.171665,16.899981,12.111206,8.920467,16.965311,8.450260,,18.215869
2026.07.31-05.08.47:090,386,PL_SampleFPS,0.000000,0.000000,0.000000,56.443272,17.716904,13.841287,9.992386,17.007008,8.391886,,18.251009
2026.07.31-05.08.47:124,388,PL_SampleFPS,0.000000,0.000000,0.000000,56.693520,17.638700,14.294815,10.312487,16.672153,8.710703,,18.285083
2026.07.31-05.08.47:176,391,PL_SampleFPS,0.000000,0.000000,0.000000,58.643005,17.052332,12.190750,10.000084,16.990328,8.247552,,18.336761
2026.07.31-05.08.47:210,393,PL_SampleFPS,0.000000,0.000000,0.000000,58.603199,17.063915,12.025888,10.228452,17.112852,8.185328,,18.371205
2026.07.31-05.08.47:244,395,PL_SampleFPS,0.000000,0.000000,0.000000,59.048065,16.935356,13.305006,9.744774,16.906294,8.723533,,18.405364
2026.07.31-05.08.47:279,397,PL_SampleFPS,0.000000,0.000000,0.000000,59.634563,16.768799,12.374214,9.976349,16.928745,8.601650,,18.439601
2026.07.31-05.08.47:313,399,PL_SampleFPS,0.000000,0.000000,0.000000,59.730156,16.741962,11.834085,9.733227,16.801090,8.048692,,18.473850
2026.07.31-05.08.47:347,401,PL_SampleFPS,0.000000,0.000000,0.000000,59.568989,16.787258,11.573001,8.922392,16.860748,7.738855,,18.508421
2026.07.31-05.08.47:381,403,PL_SampleFPS,0.000000,0.000000,0.000000,59.481052,16.812077,11.870008,10.059742,16.574005,8.051899,,18.542343
2026.07.31-05.08.47:415,405,PL_SampleFPS,0.000000,0.000000,0.000000,59.452946,16.820024,13.095242,10.542137,16.668304,8.620254,,18.576201
2026.07.31-05.08.47:450,407,PL_SampleFPS,0.000000,0.000000,0.000000,58.101692,17.211203,13.963168,9.249549,16.820976,7.782476,,18.611079
2026.07.31-05.08.47:486,409,PL_SampleFPS,0.000000,0.000000,0.000000,56.440598,17.717743,16.059536,9.943634,16.797241,9.183475,,18.647242
2026.07.31-05.08.47:535,412,PL_SampleFPS,0.000000,0.000000,0.000000,59.112728,16.916830,15.482201,9.942350,16.452124,8.008278,,18.696264
2026.07.31-05.08.47:586,415,PL_SampleFPS,0.000000,0.000000,0.000000,59.581635,16.783695,14.124822,8.986541,16.464954,7.911414,,18.746610
2026.07.31-05.08.47:636,418,PL_SampleFPS,0.000000,0.000000,0.000000,60.379459,16.561924,12.454399,10.374710,16.316130,8.350830,,18.796619
2026.07.31-05.08.47:669,420,PL_SampleFPS,0.000000,0.000000,0.000000,60.924870,16.413658,12.895740,9.996877,16.572723,7.723460,,18.830061
2026.07.31-05.08.47:703,422,PL_SampleFPS,0.000000,0.000000,0.000000,59.016335,16.944462,13.847701,8.747909,16.425823,7.671500,,18.863681
2026.07.31-05.08.47:753,425,PL_SampleFPS,0.000000,0.000000,0.000000,60.106815,16.637049,12.395383,9.860882,16.266735,9.345130,,18.914202
2026.07.31-05.08.47:787,427,PL_SampleFPS,0.000000,0.000000,0.000000,58.310032,17.149708,14.589897,9.363091,16.718981,7.664443,,18.948425
2026.07.31-05.08.47:837,430,PL_SampleFPS,0.000000,0.000000,0.000000,60.227234,16.603785,12.298519,10.545345,16.238510,9.336790,,18.998250
2026.07.31-05.08.47:871,432,PL_SampleFPS,0.000000,0.000000,0.000000,59.880051,16.700052,12.466588,9.309207,16.274433,7.856888,,19.031666
2026.07.31-05.08.47:922,435,PL_SampleFPS,0.000000,0.000000,0.000000,59.635120,16.768642,13.061243,10.608211,16.828674,8.782549,,19.082979
2026.07.31-05.08.47:956,437,PL_SampleFPS,0.000000,0.000000,0.000000,59.487495,16.810255,12.004078,9.689606,16.833807,8.145555,,19.117300
2026.07.31-05.08.47:991,439,PL_SampleFPS,0.000000,0.000000,0.000000,58.958626,16.961046,12.121469,10.402936,16.742716,8.530446,,19.151622
2026.07.31-05.08.48:025,441,PL_SampleFPS,0.000000,0.000000,0.000000,58.861927,16.988911,12.678919,10.740355,16.799166,8.591387,,19.185950
2026.07.31-05.08.48:059,443,PL_SampleFPS,0.000000,0.000000,0.000000,58.619709,17.059109,12.238219,10.245772,16.795317,8.346340,,19.220439
2026.07.31-05.08.48:094,445,PL_SampleFPS,0.000000,0.000000,0.000000,57.063263,17.524410,14.000375,9.706285,16.816486,8.067295,,19.254562
2026.07.31-05.08.48:145,448,PL_SampleFPS,0.000000,0.000000,0.000000,58.636684,17.054171,11.910421,9.271359,16.609928,8.049974,,19.306153
2026.07.31-05.08.48:179,450,PL_SampleFPS,0.000000,0.000000,0.000000,58.362980,17.134150,12.693031,9.248265,16.277639,7.998656,,19.339629
2026.07.31-05.08.48:230,453,PL_SampleFPS,0.000000,0.000000,0.000000,60.097755,16.639557,12.165091,10.166228,16.745281,8.441279,,19.390912
2026.07.31-05.08.48:264,455,PL_SampleFPS,0.000000,0.000000,0.000000,57.389145,17.424898,14.469940,9.519613,16.611212,8.045485,,19.424927
2026.07.31-05.08.48:315,458,PL_SampleFPS,0.000000,0.000000,0.000000,58.909725,16.975126,12.470436,10.023177,16.507933,8.533653,,19.476265
2026.07.31-05.08.48:349,460,PL_SampleFPS,0.000000,0.000000,0.000000,58.718575,17.030386,12.170864,9.203362,16.878069,7.913980,,19.510163
2026.07.31-05.08.48:384,462,PL_SampleFPS,0.000000,0.000000,0.000000,58.425488,17.115818,12.133657,9.660739,16.314846,8.296946,,19.544597
2026.07.31-05.08.48:418,464,PL_SampleFPS,0.000000,0.000000,0.000000,59.026817,16.941452,12.032945,10.565872,16.660606,8.386753,,19.578832
2026.07.31-05.08.48:451,466,PL_SampleFPS,0.000000,0.000000,0.000000,58.852921,16.991510,12.009851,10.495951,16.302017,8.384188,,19.612354
2026.07.31-05.08.48:485,468,PL_SampleFPS,0.000000,0.000000,0.000000,57.781914,17.306454,13.758535,9.426598,16.427107,8.303361,,19.645780
2026.07.31-05.08.48:519,470,PL_SampleFPS,0.000000,0.000000,0.000000,58.001793,17.240847,14.215913,9.747981,16.348204,8.224458,,19.679583
2026.07.31-05.08.48:568,473,PL_SampleFPS,0.000000,0.000000,0.000000,60.365902,16.565643,12.237578,10.252187,16.333448,8.412413,,19.728972
2026.07.31-05.08.48:601,475,PL_SampleFPS,0.000000,0.000000,0.000000,60.165245,16.620892,12.559603,9.458031,16.077497,8.083332,,19.762309
2026.07.31-05.08.48:651,478,PL_SampleFPS,0.000000,0.000000,0.000000,58.668644,17.044880,14.471865,8.851188,16.158325,7.820965,,19.811826
2026.07.31-05.08.48:701,481,PL_SampleFPS,0.000000,0.000000,0.000000,61.294102,16.314783,12.005362,9.275849,16.460463,7.885113,,19.861714
2026.07.31-05.08.48:734,483,PL_SampleFPS,0.000000,0.000000,0.000000,60.694920,16.475843,12.081057,9.604930,16.389900,7.720252,,19.895146
2026.07.31-05.08.48:767,485,PL_SampleFPS,0.000000,0.000000,0.000000,59.074139,16.927881,13.621900,8.802435,16.223114,7.698442,,19.928175
2026.07.31-05.08.48:817,488,PL_SampleFPS,0.000000,0.000000,0.000000,61.079502,16.372105,12.521113,10.116834,16.064026,8.336077,,19.977857
2026.07.31-05.08.48:867,491,PL_SampleFPS,0.000000,0.000000,0.000000,58.001541,17.240921,14.861887,9.848053,16.292395,7.871001,,20.027768
2026.07.31-05.08.48:901,493,PL_SampleFPS,0.000000,0.000000,0.000000,57.587727,17.364811,15.253191,10.410633,16.747849,8.654252,,20.061926
2026.07.31-05.08.48:951,496,PL_SampleFPS,0.000000,0.000000,0.000000,60.357056,16.568071,12.369082,9.424032,16.521404,7.838285,,20.111948
2026.07.31-05.08.48:985,498,PL_SampleFPS,0.000000,0.000000,0.000000,57.872055,17.279497,14.220403,9.287396,16.680492,7.717686,,20.146164
2026.07.31-05.08.49:019,500,PL_SampleFPS,0.000000,0.000000,0.000000,57.611477,17.357653,14.566163,9.012199,16.840221,8.332228,,20.180310
2026.07.31-05.08.49:053,502,PL_SampleFPS,0.000000,0.000000,0.000000,58.422401,17.116722,13.858606,8.862093,16.540007,7.891528,,20.213741
2026.07.31-05.08.49:104,505,PL_SampleFPS,0.000000,0.000000,0.000000,59.424049,16.828203,12.377421,9.193740,16.683058,8.458600,,20.265117
2026.07.31-05.08.49:138,507,PL_SampleFPS,0.000000,0.000000,0.000000,57.287628,17.455776,14.703440,9.333583,16.523970,7.832512,,20.298876
2026.07.31-05.08.49:188,510,PL_SampleFPS,0.000000,0.000000,0.000000,57.823483,17.294012,14.011921,10.218188,16.039009,8.311700,,20.349009
2026.07.31-05.08.49:238,513,PL_SampleFPS,0.000000,0.000000,0.000000,58.148308,17.197405,14.875358,9.570931,16.522045,8.302719,,20.399455
2026.07.31-05.08.49:288,516,PL_SampleFPS,0.000000,0.000000,0.000000,60.791546,16.449656,11.604434,9.815337,16.275074,8.565085,,20.449195
2026.07.31-05.08.49:321,518,PL_SampleFPS,0.000000,0.000000,0.000000,60.319508,16.578384,11.812275,9.566442,16.257113,8.069860,,20.482415
2026.07.31-05.08.49:355,520,PL_SampleFPS,0.000000,0.000000,0.000000,58.579166,17.070915,14.405792,10.023819,16.153193,8.347623,,20.515516
2026.07.31-05.08.49:405,523,PL_SampleFPS,0.000000,0.000000,0.000000,58.995110,16.950558,15.971011,9.903862,17.139793,8.316832,,20.566211
2026.07.31-05.08.49:439,525,PL_SampleFPS,0.000000,0.000000,0.000000,58.160892,17.193684,14.299947,8.797303,16.321260,7.823531,,20.599707
2026.07.31-05.08.49:489,528,PL_SampleFPS,0.000000,0.000000,0.000000,61.042614,16.381998,12.233729,9.731302,16.278923,8.024957,,20.649534
2026.07.31-05.08.49:522,530,PL_SampleFPS,0.000000,0.000000,0.000000,58.646412,17.051342,14.315343,9.467653,15.984483,7.781835,,20.682551
2026.07.31-05.08.49:555,532,PL_SampleFPS,0.000000,0.000000,0.000000,58.727745,17.027727,14.638009,8.944202,16.207718,7.686254,,20.715548
2026.07.31-05.08.49:604,535,PL_SampleFPS,0.000000,0.000000,0.000000,61.036682,16.383591,13.464736,9.756962,16.253906,7.833153,,20.765051
2026.07.31-05.08.49:637,537,PL_SampleFPS,0.000000,0.000000,0.000000,60.562500,16.511868,12.739860,9.735793,16.067875,8.122462,,20.798242
2026.07.31-05.08.49:670,539,PL_SampleFPS,0.000000,0.000000,0.000000,58.464905,17.104279,15.567518,9.606214,16.041574,8.384188,,20.831168
2026.07.31-05.08.49:720,542,PL_SampleFPS,0.000000,0.000000,0.000000,60.364677,16.565979,14.236441,9.535650,16.577854,7.803004,,20.880695
2026.07.31-05.08.49:770,545,PL_SampleFPS,0.000000,0.000000,0.000000,58.306561,17.150728,14.927959,8.844131,16.480349,7.736931,,20.930880
2026.07.31-05.08.49:821,548,PL_SampleFPS,0.000000,0.000000,0.000000,58.764816,17.016985,14.626462,8.874923,16.586836,7.608634,,20.981565
2026.07.31-05.08.49:872,551,PL_SampleFPS,0.000000,0.000000,0.000000,56.477180,17.706266,17.980778,9.402222,16.209642,7.760024,,21.032899
2026.07.31-05.08.49:922,554,PL_SampleFPS,0.000000,0.000000,0.000000,59.530823,16.798021,13.924680,9.683191,16.901804,8.108350,,21.082758
2026.07.31-05.08.49:956,556,PL_SampleFPS,0.000000,0.000000,0.000000,58.636047,17.054356,15.125536,9.497803,16.442501,8.281550,,21.116728
2026.07.31-05.08.50:006,559,PL_SampleFPS,0.000000,0.000000,0.000000,60.736889,16.464458,12.306858,9.997519,16.336016,8.306568,,21.166754
2026.07.31-05.08.50:040,561,PL_SampleFPS,0.000000,0.000000,0.000000,58.925621,16.970547,13.793817,9.238002,16.736301,7.726026,,21.200722
2026.07.31-05.08.50:091,564,PL_SampleFPS,0.000000,0.000000,0.000000,57.677246,17.337860,14.222969,8.780624,17.078854,7.707423,,21.252010
2026.07.31-05.08.50:127,566,PL_SampleFPS,0.000000,0.000000,0.000000,54.842960,18.233881,17.547136,10.591532,16.443144,8.158385,,21.288268
2026.07.31-05.08.50:177,569,PL_SampleFPS,0.000000,0.000000,0.000000,60.034760,16.657017,11.953401,9.336149,16.491896,8.351472,,21.337817
2026.07.31-05.08.50:211,571,PL_SampleFPS,0.000000,0.000000,0.000000,60.044209,16.654396,12.348555,10.501082,16.898596,8.126953,,21.371840
2026.07.31-05.08.50:245,573,PL_SampleFPS,0.000000,0.000000,0.000000,60.221188,16.605452,11.664092,9.971859,16.504084,8.225100,,21.405851
2026.07.31-05.08.50:279,575,PL_SampleFPS,0.000000,0.000000,0.000000,59.845493,16.709696,11.784049,10.605644,16.931313,8.235363,,21.440332
2026.07.31-05.08.50:314,577,PL_SampleFPS,0.000000,0.000000,0.000000,58.917946,16.972757,12.362667,10.539572,16.514990,9.029520,,21.474570
2026.07.31-05.08.50:348,579,PL_SampleFPS,0.000000,0.000000,0.000000,57.467915,17.401014,14.403868,9.959029,16.575289,8.019825,,21.508829
2026.07.31-05.08.50:398,582,PL_SampleFPS,0.000000,0.000000,0.000000,59.791210,16.724867,12.610922,9.702435,16.677925,8.170573,,21.559125
2026.07.31-05.08.50:432,584,PL_SampleFPS,0.000000,0.000000,0.000000,59.723515,16.743824,12.573074,9.297018,16.802374,8.198799,,21.593075
2026.07.31-05.08.50:467,586,PL_SampleFPS,0.000000,0.000000,0.000000,59.567650,16.787636,12.456324,10.345843,16.999950,8.420111,,21.627667
2026.07.31-05.08.50:502,588,PL_SampleFPS,0.000000,0.000000,0.000000,58.598862,17.065178,11.932874,9.279057,17.513138,7.951186,,21.663199
2026.07.31-05.08.50:537,590,PL_SampleFPS,0.000000,0.000000,0.000000,58.118927,17.206099,12.451192,9.916050,17.189188,8.805000,,21.698235
2026.07.31-05.08.50:572,592,PL_SampleFPS,0.000000,0.000000,0.000000,58.295063,17.154112,12.760387,9.960954,17.089758,8.541351,,21.733181
2026.07.31-05.08.50:606,594,PL_SampleFPS,0.000000,0.000000,0.000000,58.822163,17.000395,12.048982,10.048837,16.752979,7.758741,,21.767212
2026.07.31-05.08.50:641,596,PL_SampleFPS,0.000000,0.000000,0.000000,58.496731,17.094973,12.049623,9.499727,17.153265,7.958242,,21.802221
2026.07.31-05.08.50:676,598,PL_SampleFPS,0.000000,0.000000,0.000000,56.135986,17.813885,13.818834,8.955108,17.212282,8.053823,,21.837323
2026.07.31-05.08.50:712,600,PL_SampleFPS,0.000000,0.000000,0.000000,56.280430,17.768166,13.866946,9.216833,17.538797,8.109632,,21.873135
2026.07.31-05.08.50:747,602,PL_SampleFPS,0.000000,0.000000,0.000000,57.595669,17.362417,12.685333,9.821111,17.420122,8.103218,,21.908177
2026.07.31-05.08.50:782,604,PL_SampleFPS,0.000000,0.000000,0.000000,55.467949,18.028429,13.990752,9.075706,17.065382,7.908207,,21.943330
2026.07.31-05.08.50:835,607,PL_SampleFPS,0.000000,0.000000,0.000000,57.622810,17.354239,12.036794,9.683191,17.181490,8.144915,,21.995634
2026.07.31-05.08.50:870,609,PL_SampleFPS,0.000000,0.000000,0.000000,57.844555,17.287712,12.001513,9.327168,17.230244,7.688819,,22.030768
2026.07.31-05.08.50:905,611,PL_SampleFPS,0.000000,0.000000,0.000000,57.435371,17.410873,12.523038,9.156533,17.109003,7.641350,,22.065785
2026.07.31-05.08.50:939,613,PL_SampleFPS,0.000000,0.000000,0.000000,55.549644,18.001915,14.236441,9.065443,16.703585,7.516902,,22.099945
2026.07.31-05.08.50:973,615,PL_SampleFPS,0.000000,0.000000,0.000000,56.634922,17.656950,13.994601,9.103291,16.664455,8.043560,,22.134244
2026.07.31-05.08.51:008,617,PL_SampleFPS,0.000000,0.000000,0.000000,56.012951,17.853014,14.809285,9.910918,16.820335,7.631086,,22.168981
2026.07.31-05.08.51:061,620,PL_SampleFPS,0.000000,0.000000,0.000000,58.169094,17.191259,11.901441,10.037291,17.275146,8.677987,,22.221628
2026.07.31-05.08.51:096,622,PL_SampleFPS,0.000000,0.000000,0.000000,57.358368,17.434248,12.886118,10.700584,17.247562,8.184045,,22.256940
2026.07.31-05.08.51:131,624,PL_SampleFPS,0.000000,0.000000,0.000000,58.064964,17.222090,12.654542,9.353469,17.199451,7.611842,,22.292151
2026.07.31-05.08.51:167,626,PL_SampleFPS,0.000000,0.000000,0.000000,57.390312,17.424543,12.406288,10.539572,17.234093,8.526597,,22.327692
2026.07.31-05.08.51:201,628,PL_SampleFPS,0.000000,0.000000,0.000000,58.234791,17.171865,11.671790,9.234795,16.940933,7.818399,,22.362304
2026.07.31-05.08.51:236,630,PL_SampleFPS,0.000000,0.000000,0.000000,58.899273,16.978138,12.413344,9.670362,16.645210,8.533011,,22.396729
2026.07.31-05.08.51:270,632,PL_SampleFPS,0.000000,0.000000,0.000000,58.647945,17.050896,12.247200,10.309279,16.968517,8.240496,,22.431076
2026.07.31-05.08.51:304,634,PL_SampleFPS,0.000000,0.000000,0.000000,57.059467,17.525576,14.328173,9.171929,17.035873,7.771571,,22.465250
2026.07.31-05.08.51:356,637,PL_SampleFPS,0.000000,0.000000,0.000000,57.054829,17.527000,13.600089,8.888393,16.747206,7.634294,,22.516694
2026.07.31-05.08.51:390,639,PL_SampleFPS,0.000000,0.000000,0.000000,57.504505,17.389942,14.196669,9.377845,16.289829,8.490674,,22.550702
2026.07.31-05.08.51:440,642,PL_SampleFPS,0.000000,0.000000,0.000000,60.247463,16.598209,12.016908,9.114196,16.500877,8.198799,,22.600863
2026.07.31-05.08.51:474,644,PL_SampleFPS,0.000000,0.000000,0.000000,57.931915,17.261642,13.768799,9.358601,16.193605,8.179554,,22.634514
2026.07.31-05.08.51:507,646,PL_SampleFPS,0.000000,0.000000,0.000000,58.057877,17.224192,13.849626,9.763377,16.269943,8.278984,,22.668324
2026.07.31-05.08.51:541,648,PL_SampleFPS,0.000000,0.000000,0.000000,58.280266,17.158466,14.007431,8.842207,16.244925,7.321891,,22.701497
2026.07.31-05.08.51:574,650,PL_SampleFPS,0.000000,0.000000,0.000000,58.694862,17.037266,14.119690,9.729378,16.302017,8.943561,,22.735013
2026.07.31-05.08.51:608,652,PL_SampleFPS,0.000000,0.000000,0.000000,59.235413,16.881794,14.302513,9.914125,16.294319,8.101934,,22.768633
2026.07.31-05.08.51:658,655,PL_SampleFPS,0.000000,0.000000,0.000000,57.995766,17.242638,14.577709,9.821111,16.468801,8.157103,,22.819325
2026.07.31-05.08.51:709,658,PL_SampleFPS,0.000000,0.000000,0.000000,60.658550,16.485722,11.956609,9.068650,16.872936,8.170573,,22.869721
2026.07.31-05.08.51:743,660,PL_SampleFPS,0.000000,0.000000,0.000000,59.649307,16.764654,12.650052,9.024388,16.540649,7.942847,,22.903897
2026.07.31-05.08.51:777,662,PL_SampleFPS,0.000000,0.000000,0.000000,59.223675,16.885139,12.518548,9.851901,16.346279,7.519468,,22.937728
2026.07.31-05.08.51:810,664,PL_SampleFPS,0.000000,0.000000,0.000000,59.308208,16.861073,12.187542,10.488253,16.318695,8.113482,,22.971371
2026.07.31-05.08.51:845,666,PL_SampleFPS,0.000000,0.000000,0.000000,59.335579,16.853294,12.388327,9.246341,16.935162,7.970431,,23.005550
2026.07.31-05.08.51:880,668,PL_SampleFPS,0.000000,0.000000,0.000000,58.224766,17.174822,12.430665,10.659529,17.117983,8.207780,,23.040734
2026.07.31-05.08.51:914,670,PL_SampleFPS,0.000000,0.000000,0.000000,58.355064,17.136473,11.923893,9.681909,16.784412,7.935791,,23.075338
2026.07.31-05.08.51:949,672,PL_SampleFPS,0.000000,0.000000,0.000000,56.494518,17.700832,13.900945,9.005143,17.010857,7.531014,,23.109818
2026.07.31-05.08.52:000,675,PL_SampleFPS,0.000000,0.000000,0.000000,58.377125,17.129997,11.950835,9.846769,16.852409,8.607424,,23.161414
2026.07.31-05.08.52:035,677,PL_SampleFPS,0.000000,0.000000,0.000000,56.349224,17.746473,14.271080,9.273283,17.105154,7.908207,,23.196472
2026.07.31-05.08.52:088,680,PL_SampleFPS,0.000000,0.000000,0.000000,57.529026,17.382530,11.785333,9.268793,17.156473,7.894736,,23.249255
2026.07.31-05.08.52:123,682,PL_SampleFPS,0.000000,0.000000,0.000000,57.411713,17.418049,12.245917,10.689679,16.963387,8.523390,,23.284082
2026.07.31-05.08.52:158,684,PL_SampleFPS,0.000000,0.000000,0.000000,57.832539,17.291304,12.012418,10.113626,17.125040,8.796661,,23.318895
2026.07.31-05.08.52:193,686,PL_SampleFPS,0.000000,0.000000,0.000000,57.584091,17.365908,11.557606,9.014766,17.039082,8.294380,,23.353566
2026.07.31-05.08.52:228,688,PL_SampleFPS,0.000000,0.000000,0.000000,57.451950,17.405849,11.763522,9.443276,17.224470,7.970431,,23.388924
2026.07.31-05.08.52:263,690,PL_SampleFPS,0.000000,0.000000,0.000000,57.607445,17.358868,11.952760,10.132230,17.252054,8.892242,,23.424239
2026.07.31-05.08.52:298,692,PL_SampleFPS,0.000000,0.000000,0.000000,57.504478,17.389950,11.948269,10.096948,17.774221,8.740211,,23.459473
2026.07.31-05.08.52:334,694,PL_SampleFPS,0.000000,0.000000,0.000000,55.337715,18.070858,14.555258,9.818544,17.354050,7.865228,,23.495305
2026.07.31-05.08.52:369,696,PL_SampleFPS,0.000000,0.000000,0.000000,57.238369,17.470798,11.946986,10.365088,17.287977,8.822321,,23.530456
2026.07.31-05.08.52:404,698,PL_SampleFPS,0.000000,0.000000,0.000000,55.549957,18.001814,13.999091,9.801225,17.031384,8.577274,,23.565272
2026.07.31-05.08.52:440,700,PL_SampleFPS,0.000000,0.000000,0.000000,55.104839,18.147226,14.952977,9.990462,17.187904,8.484259,,23.600514
2026.07.31-05.08.52:474,702,PL_SampleFPS,0.000000,0.000000,0.000000,55.906284,17.887077,14.612350,9.705644,16.845352,7.910773,,23.635362
2026.07.31-05.08.52:508,704,PL_SampleFPS,0.000000,0.000000,0.000000,57.145683,17.499134,13.878492,9.647910,16.858183,8.749833,,23.669037
2026.07.31-05.08.52:561,707,PL_SampleFPS,0.000000,0.000000,0.000000,57.263786,17.463043,12.698805,9.303433,17.129530,7.847908,,23.721826
2026.07.31-05.08.52:596,709,PL_SampleFPS,0.000000,0.000000,0.000000,58.266567,17.162500,12.018190,9.578629,16.967236,7.749761,,23.756643
2026.07.31-05.08.52:631,711,PL_SampleFPS,0.000000,0.000000,0.000000,56.186203,17.797964,14.261458,8.865300,17.180208,8.014693,,23.791683
2026.07.31-05.08.52:684,714,PL_SampleFPS,0.000000,0.000000,0.000000,56.069462,17.835020,14.439149,8.860168,17.402161,7.661877,,23.844936
2026.07.31-05.08.52:720,716,PL_SampleFPS,0.000000,0.000000,0.000000,55.391083,18.053448,14.853547,10.086684,17.380350,8.329661,,23.880778
2026.07.31-05.08.52:755,718,PL_SampleFPS,0.000000,0.000000,0.000000,55.948360,17.873625,14.643783,9.298943,17.138512,7.919754,,23.915972
2026.07.31-05.08.52:790,720,PL_SampleFPS,0.000000,0.000000,0.000000,55.134445,18.137482,15.913919,8.902506,17.103870,7.770929,,23.950905
2026.07.31-05.08.52:842,723,PL_SampleFPS,0.000000,0.000000,0.000000,56.585361,17.672415,14.583483,9.779414,17.087193,8.413695,,24.003056
2026.07.31-05.08.52:895,726,PL_SampleFPS,0.000000,0.000000,0.000000,58.459782,17.105778,12.025888,10.177134,17.334164,8.832584,,24.055546
2026.07.31-05.08.52:930,728,PL_SampleFPS,0.000000,0.000000,0.000000,58.104744,17.210299,12.389609,9.625458,17.198170,8.378414,,24.090918
2026.07.31-05.08.52:965,730,PL_SampleFPS,0.000000,0.000000,0.000000,57.161934,17.494160,12.188184,10.327882,17.058968,8.234722,,24.126217
2026.07.31-05.08.53:000,732,PL_SampleFPS,0.000000,0.000000,0.000000,56.939213,17.562590,12.222824,9.681267,17.061533,8.285399,,24.161084
2026.07.31-05.08.53:035,734,PL_SampleFPS,0.000000,0.000000,0.000000,57.517979,17.385868,13.011848,11.010421,17.288618,8.232798,,24.196247
2026.07.31-05.08.53:070,736,PL_SampleFPS,0.000000,0.000000,0.000000,56.849670,17.590252,12.482625,9.987896,16.898596,8.451543,,24.231202
2026.07.31-05.08.53:105,738,PL_SampleFPS,0.000000,0.000000,0.000000,55.097157,18.149757,14.430810,8.949334,17.181490,8.044843,,24.266113
2026.07.31-05.08.53:141,740,PL_SampleFPS,0.000000,0.000000,0.000000,55.047127,18.166252,14.392321,8.799869,17.187263,8.175064,,24.301624
2026.07.31-05.08.53:193,743,PL_SampleFPS,0.000000,0.000000,0.000000,57.190044,17.485561,12.978492,9.876920,16.630457,7.931300,,24.353498
2026.07.31-05.08.53:227,745,PL_SampleFPS,0.000000,0.000000,0.000000,56.606056,17.665955,14.848415,9.611345,17.244997,8.324530,,24.388484
2026.07.31-05.08.53:281,748,PL_SampleFPS,0.000000,0.000000,0.000000,57.802261,17.300362,12.304293,9.329093,17.462460,7.931300,,24.441670
2026.07.31-05.08.53:316,750,PL_SampleFPS,0.000000,0.000000,0.000000,57.459625,17.403524,12.180486,10.729450,17.164812,7.974921,,24.476933
2026.07.31-05.08.53:352,752,PL_SampleFPS,0.000000,0.000000,0.000000,57.159683,17.494848,12.338932,9.180910,17.343786,8.769077,,24.512792
2026.07.31-05.08.53:387,754,PL_SampleFPS,0.000000,0.000000,0.000000,57.049820,17.528540,11.968155,9.302150,17.304655,8.028806,,24.548097
2026.07.31-05.08.53:423,756,PL_SampleFPS,0.000000,0.000000,0.000000,57.607906,17.358728,12.251691,10.256678,17.126965,8.233438,,24.583645
2026.07.31-05.08.53:457,758,PL_SampleFPS,0.000000,0.000000,0.000000,56.897995,17.575312,12.463380,10.502366,16.822260,8.051899,,24.617928
2026.07.31-05.08.53:492,760,PL_SampleFPS,0.000000,0.000000,0.000000,58.249428,17.167551,11.556964,9.706285,17.134663,8.186610,,24.653015
2026.07.31-05.08.53:527,762,PL_SampleFPS,0.000000,0.000000,0.000000,57.921879,17.264633,12.035511,10.378559,17.106438,8.321322,,24.687991
2026.07.31-05.08.53:562,764,PL_SampleFPS,0.000000,0.000000,0.000000,58.080189,17.217575,12.107357,9.415051,16.982630,7.917829,,24.722640
2026.07.31-05.08.53:596,766,PL_SampleFPS,0.000000,0.000000,0.000000,57.743309,17.318024,11.740429,9.418259,16.878710,8.070502,,24.757053
2026.07.31-05.08.53:631,768,PL_SampleFPS,0.000000,0.000000,0.000000,57.998257,17.241898,12.090678,10.014838,16.920406,7.873567,,24.791887
2026.07.31-05.08.53:665,770,PL_SampleFPS,0.000000,0.000000,0.000000,57.781097,17.306698,12.034228,9.256605,17.051270,7.627237,,24.826377
2026.07.31-05.08.53:700,772,PL_SampleFPS,0.000000,0.000000,0.000000,58.044514,17.228157,11.956609,9.686399,17.070515,8.312342,,24.861472
2026.07.31-05.08.53:735,774,PL_SampleFPS,0.000000,0.000000,0.000000,57.717449,17.325783,12.208712,10.064874,16.861391,8.658742,,24.896041
2026.07.31-05.08.53:769,776,PL_SampleFPS,0.000000,0.000000,0.000000,57.290833,17.454800,13.326817,8.672214,16.719622,8.028164,,24.930079
2026.07.31-05.08.53:821,779,PL_SampleFPS,0.000000,0.000000,0.000000,56.622719,17.660755,13.915699,8.894167,17.018553,7.810060,,24.981843
2026.07.31-05.08.53:873,782,PL_SampleFPS,0.000000,0.000000,0.000000,58.161022,17.193645,11.769937,9.461238,16.726679,7.840209,,25.033961
2026.07.31-05.08.53:907,784,PL_SampleFPS,0.000000,0.000000,0.000000,58.230259,17.173203,12.028455,9.148194,17.107719,7.981336,,25.068446
2026.07.31-05.08.53:942,786,PL_SampleFPS,0.000000,0.000000,0.000000,58.198524,17.182566,12.071434,9.098800,16.879993,7.680480,,25.102986
2026.07.31-05.08.53:977,788,PL_SampleFPS,0.000000,0.000000,0.000000,58.615837,17.060236,12.350479,9.744132,16.931313,8.046767,,25.137818
2026.07.31-05.08.54:011,790,PL_SampleFPS,0.000000,0.000000,0.000000,57.139095,17.501152,14.065805,9.698586,16.863314,7.958884,,25.171943
2026.07.31-05.08.54:046,792,PL_SampleFPS,0.000000,0.000000,0.000000,55.757999,17.934647,15.838865,9.833940,17.039722,7.997373,,25.206632
2026.07.31-05.08.54:098,795,PL_SampleFPS,0.000000,0.000000,0.000000,59.158894,16.903629,12.045133,10.238074,17.153906,8.669647,,25.258896
2026.07.31-05.08.54:132,797,PL_SampleFPS,0.000000,0.000000,0.000000,58.818634,17.001415,12.252332,10.120683,16.851126,8.375207,,25.292969
2026.07.31-05.08.54:166,799,PL_SampleFPS,0.000000,0.000000,0.000000,59.202148,16.891279,12.029096,9.508066,16.765167,7.805570,,25.326763
2026.07.31-05.08.54:200,801,PL_SampleFPS,0.000000,0.000000,0.000000,60.513233,16.525311,12.246559,9.757604,16.758753,8.217402,,25.360647
2026.07.31-05.08.54:234,803,PL_SampleFPS,0.000000,0.000000,0.000000,60.024025,16.659996,12.440287,9.810205,16.766451,7.858171,,25.394493
2026.07.31-05.08.54:268,805,PL_SampleFPS,0.000000,0.000000,0.000000,59.399086,16.835276,12.005362,9.729378,16.693962,8.265513,,25.428518
2026.07.31-05.08.54:303,807,PL_SampleFPS,0.000000,0.000000,0.000000,57.522720,17.384436,13.519262,10.343919,16.869087,8.559954,,25.463690
2026.07.31-05.08.54:354,810,PL_SampleFPS,0.000000,0.000000,0.000000,56.773746,17.613775,14.040146,9.391316,16.826750,8.331586,,25.514855
2026.07.31-05.08.54:406,813,PL_SampleFPS,0.000000,0.000000,0.000000,58.689030,17.038960,12.061171,9.576063,16.908859,8.283475,,25.566752
2026.07.31-05.08.54:440,815,PL_SampleFPS,0.000000,0.000000,0.000000,57.545834,17.377453,12.880986,10.572928,17.239223,8.751758,,25.601381
2026.07.31-05.08.54:493,818,PL_SampleFPS,0.000000,0.000000,0.000000,58.411251,17.119989,12.723823,10.624248,17.287977,8.555464,,25.653720
2026.07.31-05.08.54:527,820,PL_SampleFPS,0.000000,0.000000,0.000000,57.531895,17.381662,13.430096,10.104005,16.971725,8.167366,,25.688451
2026.07.31-05.08.54:562,822,PL_SampleFPS,0.000000,0.000000,0.000000,57.634663,17.350670,13.002226,10.991817,16.907578,8.230231,,25.723292
2026.07.31-05.08.54:597,824,PL_SampleFPS,0.000000,0.000000,0.000000,57.993790,17.243225,12.267086,10.436293,16.772865,9.042991,,25.758217
2026.07.31-05.08.54:634,826,PL_SampleFPS,0.000000,0.000000,0.000000,53.103313,18.831217,19.345856,10.545345,16.967236,8.450260,,25.795342
2026.07.31-05.08.54:685,829,PL_SampleFPS,0.000000,0.000000,0.000000,58.102303,17.211021,12.511492,10.943065,17.748562,8.720966,,25.846409
2026.07.31-05.08.54:721,831,PL_SampleFPS,0.000000,0.000000,0.000000,57.319931,17.445938,12.637222,10.048196,17.411783,8.151971,,25.881703
2026.07.31-05.08.54:756,833,PL_SampleFPS,0.000000,0.000000,0.000000,55.449055,18.034573,14.256327,9.787111,17.395103,7.836361,,25.916726
2026.07.31-05.08.54:791,835,PL_SampleFPS,0.000000,0.000000,0.000000,55.310452,18.079765,14.958751,9.889749,17.162247,8.017259,,25.951951
2026.07.31-05.08.54:826,837,PL_SampleFPS,0.000000,0.000000,0.000000,55.642712,17.971806,14.621972,8.738928,16.910784,8.039069,,25.986610
2026.07.31-05.08.54:878,840,PL_SampleFPS,0.000000,0.000000,0.000000,57.519135,17.385519,12.424891,9.898729,17.328390,8.878130,,26.038986
2026.07.31-05.08.54:914,842,PL_SampleFPS,0.000000,0.000000,0.000000,55.905968,17.887178,14.137011,9.966085,17.391897,7.998656,,26.074707
2026.07.31-05.08.54:967,845,PL_SampleFPS,0.000000,0.000000,0.000000,56.941883,17.561766,12.111847,10.303506,17.075005,8.629234,,26.127618
2026.07.31-05.08.55:003,847,PL_SampleFPS,0.000000,0.000000,0.000000,57.294884,17.453566,11.533230,9.331017,17.473366,8.309775,,26.163797
2026.07.31-05.08.55:038,849,PL_SampleFPS,0.000000,0.000000,0.000000,54.860737,18.227972,14.385264,9.635080,17.282845,7.354607,,26.199448
2026.07.31-05.08.55:074,851,PL_SampleFPS,0.000000,0.000000,0.000000,57.495636,17.392624,12.262596,9.231587,17.304014,8.053823,,26.234500
2026.07.31-05.08.55:109,853,PL_SampleFPS,0.000000,0.000000,0.000000,53.997665,18.519320,15.652836,8.762021,17.231525,7.733724,,26.269803
2026.07.31-05.08.55:161,856,PL_SampleFPS,0.000000,0.000000,0.000000,57.906628,17.269180,12.310065,9.490746,17.010214,7.795947,,26.321967
2026.07.31-05.08.55:196,858,PL_SampleFPS,0.000000,0.000000,0.000000,58.402443,17.122572,12.041285,10.191246,17.042931,7.935149,,26.356784
2026.07.31-05.08.55:231,860,PL_SampleFPS,0.000000,0.000000,0.000000,57.553596,17.375109,11.426744,9.664588,16.852409,7.912056,,26.392024
2026.07.31-05.08.55:266,862,PL_SampleFPS,0.000000,0.000000,0.000000,57.754971,17.314528,11.789823,9.277774,17.214207,8.026239,,26.426941
2026.07.31-05.08.55:302,864,PL_SampleFPS,0.000000,0.000000,0.000000,56.031227,17.847191,14.909998,10.037291,17.271297,8.627310,,26.462545
2026.07.31-05.08.55:356,867,PL_SampleFPS,0.000000,0.000000,0.000000,52.961151,18.881765,17.970514,9.612628,17.287977,8.183403,,26.516991
2026.07.31-05.08.55:407,870,PL_SampleFPS,0.000000,0.000000,0.000000,58.850292,16.992270,12.827102,10.961668,16.958254,8.313624,,26.567976
2026.07.31-05.08.55:442,872,PL_SampleFPS,0.000000,0.000000,0.000000,56.083584,17.830530,14.162028,8.708137,17.242432,7.692668,,26.602772
2026.07.31-05.08.55:477,874,PL_SampleFPS,0.000000,0.000000,0.000000,56.128078,17.816395,13.928528,8.712627,17.243713,7.743346,,26.637656
2026.07.31-05.08.55:512,876,PL_SampleFPS,0.000000,0.000000,0.000000,55.589531,17.988998,14.485335,9.182193,17.050629,7.719611,,26.672985
2026.07.31-05.08.55:547,878,PL_SampleFPS,0.000000,0.000000,0.000000,56.183666,17.798767,13.974073,8.941637,17.310429,8.112840,,26.708020
2026.07.31-05.08.55:600,881,PL_SampleFPS,0.000000,0.000000,0.000000,57.376667,17.428688,12.605148,9.721681,17.048704,8.660026,,26.760591
2026.07.31-05.08.55:635,883,PL_SampleFPS,0.000000,0.000000,0.000000,57.305309,17.450390,11.868725,9.390675,17.369446,7.858813,,26.795952
2026.07.31-05.08.55:671,885,PL_SampleFPS,0.000000,0.000000,0.000000,54.828747,18.238607,14.258892,9.227738,17.470158,7.562448,,26.831566
2026.07.31-05.08.55:723,888,PL_SampleFPS,0.000000,0.000000,0.000000,57.307613,17.449688,12.319046,9.828808,17.201376,7.976204,,26.884249
2026.07.31-05.08.55:758,890,PL_SampleFPS,0.000000,0.000000,0.000000,56.053848,17.839989,14.105577,9.767867,16.972366,8.672214,,26.918774
2026.07.31-05.08.55:809,893,PL_SampleFPS,0.000000,0.000000,0.000000,58.371304,17.131706,11.988041,10.258602,16.973009,8.563803,,26.970248
2026.07.31-05.08.55:844,895,PL_SampleFPS,0.000000,0.000000,0.000000,58.209820,17.179232,12.345989,10.418973,16.891541,8.285399,,27.004985
2026.07.31-05.08.55:878,897,PL_SampleFPS,0.000000,0.000000,0.000000,58.559330,17.076698,11.916195,10.014838,16.756187,8.858885,,27.038951
2026.07.31-05.08.55:913,899,PL_SampleFPS,0.000000,0.000000,0.000000,58.067451,17.221352,11.611490,9.583761,16.817770,8.181479,,27.073497
2026.07.31-05.08.55:947,901,PL_SampleFPS,0.000000,0.000000,0.000000,58.539284,17.082546,12.663523,9.256605,16.691397,7.803004,,27.107892
2026.07.31-05.08.55:981,903,PL_SampleFPS,0.000000,0.000000,0.000000,57.188828,17.485933,14.004223,9.421466,16.759394,8.108350,,27.142235
2026.07.31-05.08.56:033,906,PL_SampleFPS,0.000000,0.000000,0.000000,56.922119,17.567863,14.250553,9.613911,17.094891,7.886396,,27.194214
2026.07.31-05.08.56:068,908,PL_SampleFPS,0.000000,0.000000,0.000000,57.010643,17.540585,14.060674,10.007782,16.926180,8.066011,,27.228635
2026.07.31-05.08.56:103,910,PL_SampleFPS,0.000000,0.000000,0.000000,55.368561,18.060791,15.536085,9.664588,17.069231,8.751116,,27.263694
2026.07.31-05.08.56:155,913,PL_SampleFPS,0.000000,0.000000,0.000000,56.250458,17.777634,14.165877,9.119969,17.334164,7.758100,,27.315778
2026.07.31-05.08.56:207,916,PL_SampleFPS,0.000000,0.000000,0.000000,56.700760,17.636448,13.972149,10.043063,16.845352,7.881906,,27.367903
2026.07.31-05.08.56:259,919,PL_SampleFPS,0.000000,0.000000,0.000000,57.738819,17.319370,12.912418,10.587042,17.025610,8.309134,,27.420120
2026.07.31-05.08.56:294,921,PL_SampleFPS,0.000000,0.000000,0.000000,57.982529,17.246574,13.047130,9.815978,17.087833,8.044843,,27.454987
2026.07.31-05.08.56:328,923,PL_SampleFPS,0.000000,0.000000,0.000000,56.172127,17.802423,14.625179,9.946841,16.892181,8.165442,,27.489294
2026.07.31-05.08.56:380,926,PL_SampleFPS,0.000000,0.000000,0.000000,58.160370,17.193838,12.547415,9.758886,16.877428,7.933866,,27.541474
2026.07.31-05.08.56:415,928,PL_SampleFPS,0.000000,0.000000,0.000000,58.015945,17.236641,12.321612,9.272642,16.850485,8.087181,,27.575919
2026.07.31-05.08.56:450,930,PL_SampleFPS,0.000000,0.000000,0.000000,58.176777,17.188990,11.794313,9.270076,17.279636,7.751685,,27.610783
2026.07.31-05.08.56:485,932,PL_SampleFPS,0.000000,0.000000,0.000000,57.171837,17.491129,12.174071,9.219398,17.123116,8.210987,,27.646076
2026.07.31-05.08.56:520,934,PL_SampleFPS,0.000000,0.000000,0.000000,57.532059,17.381613,12.196523,10.534440,17.294392,8.870432,,27.681422
2026.07.31-05.08.56:555,936,PL_SampleFPS,0.000000,0.000000,0.000000,56.083469,17.830566,14.128671,8.590104,17.114134,7.654180,,27.716228
2026.07.31-05.08.56:590,938,PL_SampleFPS,0.000000,0.000000,0.000000,56.267563,17.772228,14.565521,9.930162,17.251411,8.763304,,27.751429
2026.07.31-05.08.56:626,940,PL_SampleFPS,0.000000,0.000000,0.000000,56.383358,17.735729,14.353190,9.125742,17.242432,7.604785,,27.786580
2026.07.31-05.08.56:661,942,PL_SampleFPS,0.000000,0.000000,0.000000,56.142159,17.811926,14.349341,10.023177,17.018553,7.992241,,27.821612
2026.07.31-05.08.56:713,945,PL_SampleFPS,0.000000,0.000000,0.000000,58.281445,17.158119,12.068227,10.546628,17.100664,8.190459,,27.874226
2026.07.31-05.08.56:748,947,PL_SampleFPS,0.000000,0.000000,0.000000,57.861435,17.282669,12.335084,10.284262,17.388689,8.713268,,27.909321
2026.07.31-05.08.56:784,949,PL_SampleFPS,0.000000,0.000000,0.000000,57.570194,17.370100,12.574998,9.506142,17.393179,8.313624,,27.944583
2026.07.31-05.08.56:819,951,PL_SampleFPS,0.000000,0.000000,0.000000,54.257275,18.430708,15.061388,8.910204,17.120550,7.488677,,27.980011
2026.07.31-05.08.56:873,954,PL_SampleFPS,0.000000,0.000000,0.000000,56.978127,17.550594,11.878347,9.299584,17.255903,7.831871,,28.033622
2026.07.31-05.08.56:907,956,PL_SampleFPS,0.000000,0.000000,0.000000,57.161430,17.494314,12.487115,10.503007,16.999310,8.193667,,28.068464
2026.07.31-05.08.56:943,958,PL_SampleFPS,0.000000,0.000000,0.000000,56.179218,17.800177,14.379491,10.048196,17.146851,8.133368,,28.103608
2026.07.31-05.08.56:978,960,PL_SampleFPS,0.000000,0.000000,0.000000,58.322533,17.146032,12.343423,9.153326,16.988403,8.541992,,28.138492
2026.07.31-05.08.57:012,962,PL_SampleFPS,0.000000,0.000000,0.000000,57.524921,17.383770,13.434586,8.966655,16.806223,7.702291,,28.172616
2026.07.31-05.08.57:064,965,PL_SampleFPS,0.000000,0.000000,0.000000,58.698669,17.036161,12.236937,10.111702,17.157114,8.234080,,28.224609
2026.07.31-05.08.57:099,967,PL_SampleFPS,0.000000,0.000000,0.000000,58.402992,17.122410,12.825818,10.970649,17.391897,8.855678,,28.259761
2026.07.31-05.08.57:134,969,PL_SampleFPS,0.000000,0.000000,0.000000,58.093601,17.213600,11.605717,9.829450,17.522760,8.179554,,28.294981
2026.07.31-05.08.57:169,971,PL_SampleFPS,0.000000,0.000000,0.000000,57.561825,17.372625,12.313273,10.452971,17.305939,8.364302,,28.330475
2026.07.31-05.08.57:205,973,PL_SampleFPS,0.000000,0.000000,0.000000,56.826530,17.597414,11.917478,9.690248,17.039722,7.725384,,28.365656
2026.07.31-05.08.57:240,975,PL_SampleFPS,0.000000,0.000000,0.000000,57.069038,17.522636,12.117620,9.463162,17.293108,7.651614,,28.401044
2026.07.31-05.08.57:275,977,PL_SampleFPS,0.000000,0.000000,0.000000,56.595131,17.669365,11.916837,9.082122,17.547136,7.688178,,28.436372
2026.07.31-05.08.57:311,979,PL_SampleFPS,0.000000,0.000000,0.000000,56.583858,17.672884,12.261313,9.726812,17.389332,8.493881,,28.471610
2026.07.31-05.08.57:345,981,PL_SampleFPS,0.000000,0.000000,0.000000,56.756973,17.618980,12.104150,10.681339,17.125040,8.541992,,28.506473
2026.07.31-05.08.57:380,983,PL_SampleFPS,0.000000,0.000000,0.000000,56.850075,17.590126,12.106074,9.900013,16.986479,7.537429,,28.541320
2026.07.31-05.08.57:415,985,PL_SampleFPS,0.000000,0.000000,0.000000,55.311935,18.079281,14.140860,9.583120,17.249487,7.904358,,28.576344
2026.07.31-05.08.57:468,988,PL_SampleFPS,0.000000,0.000000,0.000000,56.975044,17.551544,12.294670,9.718472,17.211639,7.713196,,28.628813
2026.07.31-05.08.57:503,990,PL_SampleFPS,0.000000,0.000000,0.000000,56.984043,17.548773,12.356894,10.226528,17.053194,8.615763,,28.664207
2026.07.31-05.08.57:538,992,PL_SampleFPS,0.000000,0.000000,0.000000,56.970383,17.552980,11.972646,10.210490,17.062817,8.660666,,28.699198
2026.07.31-05.08.57:573,994,PL_SampleFPS,0.000000,0.000000,0.000000,56.974606,17.551680,11.945062,8.871074,17.123116,7.811985,,28.733955
2026.07.31-05.08.57:608,996,PL_SampleFPS,0.000000,0.000000,0.000000,57.566532,17.371204,12.006002,10.581268,16.970442,8.114764,,28.768970
2026.07.31-05.08.57:643,998,PL_SampleFPS,0.000000,0.000000,0.000000,57.444080,17.408234,11.970721,10.110419,17.116701,8.184687,,28.803506
2026.07.31-05.08.59:474,101,PL_SampleFPS,0.000000,0.000000,0.000000,45.032429,22.206219,21.202309,11.222752,17.205866,3.276697,,30.634794
2026.07.31-05.08.59:520,104,PL_SampleFPS,0.000000,0.000000,0.000000,54.634163,18.303566,15.507860,9.744774,17.198811,5.104925,,30.681177
2026.07.31-05.08.59:566,107,PL_SampleFPS,0.000000,0.000000,0.000000,61.948250,16.142506,13.770082,10.246414,16.727320,5.679052,,30.726840
2026.07.31-05.08.59:611,110,PL_SampleFPS,0.000000,0.000000,0.000000,63.352180,15.784777,12.930380,10.368937,17.059608,8.830660,,30.771849
2026.07.31-05.08.59:662,113,PL_SampleFPS,0.000000,0.000000,0.000000,61.613335,16.230253,14.190895,9.898088,16.749771,7.922961,,30.822929
2026.07.31-05.08.59:696,115,PL_SampleFPS,0.000000,0.000000,0.000000,59.470390,16.815090,16.845995,10.273997,16.871655,8.004430,,30.857298
2026.07.31-05.08.59:730,117,PL_SampleFPS,0.000000,0.000000,0.000000,59.578533,16.784569,15.960748,10.557533,16.711283,8.305285,,30.891168
2026.07.31-05.08.59:764,119,PL_SampleFPS,0.000000,0.000000,0.000000,59.124924,16.913342,15.661817,10.114909,16.755545,8.349547,,30.925252
2026.07.31-05.08.59:816,122,PL_SampleFPS,0.000000,0.000000,0.000000,61.440701,16.275856,12.505076,10.927670,16.722189,8.528522,,30.976521
2026.07.31-05.08.59:850,124,PL_SampleFPS,0.000000,0.000000,0.000000,60.498810,16.529251,12.902155,9.778131,16.904369,7.613124,,31.010785
2026.07.31-05.08.59:884,126,PL_SampleFPS,0.000000,0.000000,0.000000,58.817921,17.001621,14.739363,10.629379,16.756187,7.917188,,31.045129
2026.07.31-05.08.59:918,128,PL_SampleFPS,0.000000,0.000000,0.000000,58.904583,16.976608,14.989542,10.496593,16.826109,8.649120,,31.079459
2026.07.31-05.08.59:953,130,PL_SampleFPS,0.000000,0.000000,0.000000,58.183529,17.186995,14.754759,10.096948,16.914633,8.023674,,31.114113
2026.07.31-05.08.59:987,132,PL_SampleFPS,0.000000,0.000000,0.000000,58.478172,17.100397,13.643709,9.733227,16.842146,7.997373,,31.148338
2026.07.31-05.09.00:022,134,PL_SampleFPS,0.000000,0.000000,0.000000,58.869843,16.986626,13.351834,10.265017,16.790186,7.977487,,31.182622
2026.07.31-05.09.00:057,136,PL_SampleFPS,0.000000,0.000000,0.000000,58.027046,17.233343,14.398094,10.685188,17.330315,7.896660,,31.217745
2026.07.31-05.09.00:091,138,PL_SampleFPS,0.000000,0.000000,0.000000,57.764942,17.311539,14.232592,9.684474,16.935162,7.777344,,31.252390
2026.07.31-05.09.00:127,140,PL_SampleFPS,0.000000,0.000000,0.000000,56.765362,17.616377,12.535227,9.819827,17.381634,8.159668,,31.287771
2026.07.31-05.09.00:178,143,PL_SampleFPS,0.000000,0.000000,0.000000,58.564648,17.075148,14.590539,10.789750,16.687548,8.392527,,31.339440
2026.07.31-05.09.00:212,145,PL_SampleFPS,0.000000,0.000000,0.000000,58.007252,17.239223,15.949842,10.264376,16.763885,8.125669,,31.373146
2026.07.31-05.09.00:263,148,PL_SampleFPS,0.000000,0.000000,0.000000,58.000137,17.241339,15.207005,10.039214,16.561176,7.879340,,31.423831
2026.07.31-05.09.00:313,151,PL_SampleFPS,0.000000,0.000000,0.000000,60.805145,16.445976,13.304365,10.689037,16.494461,8.280909,,31.474442
2026.07.31-05.09.00:347,153,PL_SampleFPS,0.000000,0.000000,0.000000,58.864979,16.988029,14.976712,9.451616,16.561817,7.439282,,31.508441
2026.07.31-05.09.00:381,155,PL_SampleFPS,0.000000,0.000000,0.000000,58.469559,17.102917,14.534088,10.276564,16.471369,8.146197,,31.542334
2026.07.31-05.09.00:422,157,PL_SampleFPS,0.000000,0.000000,0.000000,53.753094,18.603580,23.766958,9.823034,16.590042,7.748477,,31.582795
2026.07.31-05.09.00:457,159,PL_SampleFPS,0.000000,0.000000,0.000000,54.592445,18.317553,20.095749,10.755110,16.848560,8.507352,,31.617773
2026.07.31-05.09.00:501,162,PL_SampleFPS,0.000000,0.000000,0.000000,63.226257,15.816214,13.909925,10.382408,17.130171,8.009562,,31.661878
2026.07.31-05.09.00:536,164,PL_SampleFPS,0.000000,0.000000,0.000000,61.755409,16.192913,12.684051,10.609493,16.824184,8.624743,,31.696680
2026.07.31-05.09.00:570,166,PL_SampleFPS,0.000000,0.000000,0.000000,58.164997,17.192471,14.186404,10.173285,16.976215,8.083332,,31.731277
2026.07.31-05.09.00:605,168,PL_SampleFPS,0.000000,0.000000,0.000000,57.996666,17.242371,14.604011,9.583761,16.872936,7.667651,,31.765870
2026.07.31-05.09.00:639,170,PL_SampleFPS,0.000000,0.000000,0.000000,57.922489,17.264452,14.748985,10.631304,16.786978,8.014051,,31.800399
2026.07.31-05.09.00:674,172,PL_SampleFPS,0.000000,0.000000,0.000000,58.514534,17.089771,14.054259,10.803863,17.161604,8.302719,,31.834980
2026.07.31-05.09.00:709,174,PL_SampleFPS,0.000000,0.000000,0.000000,58.175808,17.189276,14.456469,10.096307,16.919125,7.902433,,31.869765
2026.07.31-05.09.00:749,176,PL_SampleFPS,0.000000,0.000000,0.000000,52.466091,19.059929,22.525047,10.211132,17.373936,8.077559,,31.909875
2026.07.31-05.09.00:796,179,PL_SampleFPS,0.000000,0.000000,0.000000,57.617668,17.355787,15.495672,9.298302,17.116701,7.536147,,31.956773
2026.07.31-05.09.00:848,182,PL_SampleFPS,0.000000,0.000000,0.000000,57.409801,17.418629,14.698950,9.642137,16.971725,7.662519,,32.008676
2026.07.31-05.09.00:882,184,PL_SampleFPS,0.000000,0.000000,0.000000,57.936172,17.260374,14.478279,10.547911,16.720905,7.654180,,32.043181
2026.07.31-05.09.00:917,186,PL_SampleFPS,0.000000,0.000000,0.000000,57.164341,17.493423,14.731666,9.780697,16.877428,7.956960,,32.077709
2026.07.31-05.09.00:969,189,PL_SampleFPS,0.000000,0.000000,0.000000,58.453209,17.107700,13.555185,10.664020,16.811996,8.134009,,32.129601
2026.07.31-05.09.01:002,191,PL_SampleFPS,0.000000,0.000000,0.000000,58.853455,16.991356,12.742426,10.505573,16.620192,8.108350,,32.163320
2026.07.31-05.09.01:036,193,PL_SampleFPS,0.000000,0.000000,0.000000,58.961185,16.960310,12.773216,9.870504,16.828674,8.130160,,32.197263
2026.07.31-05.09.01:071,195,PL_SampleFPS,0.000000,0.000000,0.000000,57.252659,17.466438,13.385834,10.339429,17.008289,7.999939,,32.232405
2026.07.31-05.09.01:107,197,PL_SampleFPS,0.000000,0.000000,0.000000,55.786831,17.925377,12.960530,9.655607,16.941576,8.552897,,32.268471
2026.07.31-05.09.01:160,200,PL_SampleFPS,0.000000,0.000000,0.000000,57.134064,17.502693,14.667517,10.309920,17.171227,8.083973,,32.320496
2026.07.31-05.09.01:212,203,PL_SampleFPS,0.000000,0.000000,0.000000,56.032928,17.846649,15.881845,9.372072,17.014063,7.815192,,32.372541
2026.07.31-05.09.01:264,206,PL_SampleFPS,0.000000,0.000000,0.000000,55.522163,18.010826,16.115345,10.421538,17.032667,7.854322,,32.425047
2026.07.31-05.09.01:299,208,PL_SampleFPS,0.000000,0.000000,0.000000,56.063190,17.837015,15.554688,10.090533,17.050629,7.635576,,32.459650
2026.07.31-05.09.01:333,210,PL_SampleFPS,0.000000,0.000000,0.000000,56.680885,17.642632,14.310852,10.193171,16.835732,8.384188,,32.494322
2026.07.31-05.09.01:368,212,PL_SampleFPS,0.000000,0.000000,0.000000,57.597763,17.361786,15.337867,10.477347,16.887049,7.840209,,32.528810
2026.07.31-05.09.01:419,215,PL_SampleFPS,0.000000,0.000000,0.000000,58.902634,16.977169,12.530736,9.985971,16.798525,8.649761,,32.580471
2026.07.31-05.09.01:467,217,PL_SampleFPS,0.000000,0.000000,0.000000,52.589840,19.015079,14.507788,12.770651,18.544643,8.003146,,32.627713
2026.07.31-05.09.01:506,219,PL_SampleFPS,0.000000,0.000000,0.000000,50.153507,19.938786,14.731666,10.823749,19.825043,7.541920,,32.666882
2026.07.31-05.09.01:561,221,PL_SampleFPS,0.000000,0.000000,0.000000,46.844715,21.347126,15.563027,12.030379,27.158482,9.048764,,32.721501
2026.07.31-05.09.01:588,222,PL_SampleFPS,0.000000,0.000000,0.000000,40.360714,24.776569,22.203663,11.479344,26.788986,9.053255,,32.748676
2026.07.31-05.09.01:644,224,PL_SampleFPS,0.000000,0.000000,0.000000,37.920177,26.371185,21.733456,11.476137,27.428545,8.248193,,32.804692
2026.07.31-05.09.01:701,226,PL_SampleFPS,0.000000,0.000000,0.000000,35.293221,28.334055,24.561756,10.554326,28.744228,8.021749,,32.862417
2026.07.31-05.09.01:761,228,PL_SampleFPS,0.000000,0.000000,0.000000,34.573086,28.924232,21.792473,10.737148,29.406879,8.266154,,32.921658
2026.07.31-05.09.01:820,230,PL_SampleFPS,0.000000,0.000000,0.000000,33.869564,29.525032,21.425545,11.099586,28.968105,7.746553,,32.980875
2026.07.31-05.09.01:880,232,PL_SampleFPS,0.000000,0.000000,0.000000,33.155994,30.160460,21.217062,11.123322,29.691698,8.079483,,33.041126
2026.07.31-05.09.01:940,234,PL_SampleFPS,0.000000,0.000000,0.000000,32.631458,30.645273,21.143932,11.176564,28.837885,7.739497,,33.101401
2026.07.31-05.09.02:000,236,PL_SampleFPS,0.000000,0.000000,0.000000,32.808041,30.480331,21.138159,10.893029,29.496689,8.086539,,33.160874
2026.07.31-05.09.02:062,238,PL_SampleFPS,0.000000,0.000000,0.000000,32.103428,31.149323,21.911789,10.322109,30.966969,8.863376,,33.222911
2026.07.31-05.09.02:128,240,PL_SampleFPS,0.000000,0.000000,0.000000,30.811516,32.455399,24.146717,11.114341,33.085144,8.323888,,33.289247
2026.07.31-05.09.02:197,242,PL_SampleFPS,0.000000,0.000000,0.000000,32.551960,30.720116,14.107502,11.036079,34.486145,8.211629,,33.357554
2026.07.31-05.09.02:226,243,PL_SampleFPS,0.000000,0.000000,0.000000,31.684090,31.561583,11.998304,11.581341,28.630686,7.430943,,33.386697
2026.07.31-05.09.02:280,245,PL_SampleFPS,0.000000,0.000000,0.000000,32.878780,30.414753,14.344851,9.700511,28.246437,7.359097,,33.441092
2026.07.31-05.09.02:340,247,PL_SampleFPS,0.000000,0.000000,0.000000,33.759052,29.621685,12.652617,9.826883,29.484499,6.719538,,33.500932
2026.07.31-05.09.02:369,248,PL_SampleFPS,0.000000,0.000000,0.000000,30.389040,32.906601,25.402100,9.563234,28.696117,7.437358,,33.530198
2026.07.31-05.09.02:425,250,PL_SampleFPS,0.000000,0.000000,0.000000,34.385616,29.081926,15.180062,9.493954,26.722914,7.148049,,33.585710
2026.07.31-05.09.02:476,252,PL_SampleFPS,0.000000,0.000000,0.000000,34.729603,28.793880,17.622831,8.913411,25.248785,6.224313,,33.637182
2026.07.31-05.09.02:527,254,PL_SampleFPS,0.000000,0.000000,0.000000,34.139603,29.291494,23.354485,9.300226,24.348143,6.887607,,33.687756
2026.07.31-05.09.02:578,256,PL_SampleFPS,0.000000,0.000000,0.000000,35.473488,28.190067,26.844795,9.337432,23.331390,6.968434,,33.739314
2026.07.31-05.09.02:622,258,PL_SampleFPS,0.000000,0.000000,0.000000,39.288906,25.452477,18.995605,8.757531,22.646288,6.547621,,33.782613
2026.07.31-05.09.02:668,260,PL_SampleFPS,0.000000,0.000000,0.000000,42.170620,23.713192,13.573147,8.896732,22.447428,6.983829,,33.829010
2026.07.31-05.09.02:713,262,PL_SampleFPS,0.000000,0.000000,0.000000,43.962288,22.746769,12.353045,8.993597,22.253698,6.507207,,33.874217
2026.07.31-05.09.02:758,264,PL_SampleFPS,0.000000,0.000000,0.000000,43.750267,22.857004,13.667444,8.996162,21.993898,6.866438,,33.918874
2026.07.31-05.09.02:802,266,PL_SampleFPS,0.000000,0.000000,0.000000,45.039124,22.202919,11.496665,9.901937,21.352415,7.307137,,33.962799
2026.07.31-05.09.02:846,268,PL_SampleFPS,0.000000,0.000000,0.000000,43.626732,22.921726,15.236513,8.986541,21.863035,6.724029,,34.006552
2026.07.31-05.09.02:889,270,PL_SampleFPS,0.000000,0.000000,0.000000,45.157078,22.144922,13.769441,8.886469,20.798815,6.702860,,34.049601
2026.07.31-05.09.02:932,272,PL_SampleFPS,0.000000,0.000000,0.000000,45.848328,21.811047,13.264593,9.454182,20.771231,7.039639,,34.092632
2026.07.31-05.09.02:973,274,PL_SampleFPS,0.000000,0.000000,0.000000,46.426270,21.539530,14.131879,9.668437,20.367096,7.325740,,34.134459
2026.07.31-05.09.03:015,276,PL_SampleFPS,0.000000,0.000000,0.000000,44.791836,22.325497,17.537514,9.923106,20.118843,7.728591,,34.175930
2026.07.31-05.09.03:056,278,PL_SampleFPS,0.000000,0.000000,0.000000,47.938229,20.860178,14.038863,8.874281,19.892399,6.758669,,34.217030
2026.07.31-05.09.03:097,280,PL_SampleFPS,0.000000,0.000000,0.000000,49.644630,20.143166,11.407498,9.094951,20.095108,6.394948,,34.258163
2026.07.31-05.09.03:138,282,PL_SampleFPS,0.000000,0.000000,0.000000,48.167194,20.761019,14.095314,9.234795,19.616562,6.940208,,34.298714
2026.07.31-05.09.03:179,284,PL_SampleFPS,0.000000,0.000000,0.000000,48.555817,20.594854,14.004223,9.516406,20.181067,7.288534,,34.339493
2026.07.31-05.09.03:219,286,PL_SampleFPS,0.000000,0.000000,0.000000,48.550919,20.596933,15.497597,9.409278,19.597317,7.265440,,34.379576
2026.07.31-05.09.03:259,288,PL_SampleFPS,0.000000,0.000000,0.000000,51.875877,19.276783,11.309352,8.964730,19.786554,6.765725,,34.419745
2026.07.31-05.09.03:300,290,PL_SampleFPS,0.000000,0.000000,0.000000,49.288574,20.288677,13.933661,8.698514,19.953981,6.591883,,34.460924
2026.07.31-05.09.03:341,292,PL_SampleFPS,0.000000,0.000000,0.000000,49.209019,20.321478,13.813061,9.551687,20.223404,7.252611,,34.501704
2026.07.31-05.09.03:381,294,PL_SampleFPS,0.000000,0.000000,0.000000,49.631325,20.148565,13.992677,8.489390,19.418983,6.337856,,34.541712
2026.07.31-05.09.03:421,296,PL_SampleFPS,0.000000,0.000000,0.000000,49.296768,20.285305,15.192892,8.740852,19.471586,6.537357,,34.581538
2026.07.31-05.09.03:461,298,PL_SampleFPS,0.000000,0.000000,0.000000,50.122330,19.951187,13.994601,9.433655,20.132956,7.104428,,34.621980
2026.07.31-05.09.03:501,300,PL_SampleFPS,0.000000,0.000000,0.000000,49.892372,20.043144,14.071579,9.211701,19.547281,6.627806,,34.661924
2026.07.31-05.09.03:541,302,PL_SampleFPS,0.000000,0.000000,0.000000,49.091686,20.370049,15.789472,9.078914,19.648636,6.789460,,34.701609
2026.07.31-05.09.03:581,304,PL_SampleFPS,0.000000,0.000000,0.000000,50.025520,19.989798,14.083767,9.415692,19.245785,6.938284,,34.741947
2026.07.31-05.09.03:620,306,PL_SampleFPS,0.000000,0.000000,0.000000,50.654411,19.741617,14.081842,9.112271,19.129675,6.835647,,34.780677
2026.07.31-05.09.03:659,308,PL_SampleFPS,0.000000,0.000000,0.000000,51.101299,19.568974,13.952905,9.169363,19.589619,6.903644,,34.820347
2026.07.31-05.09.03:699,310,PL_SampleFPS,0.000000,0.000000,0.000000,51.417385,19.448675,12.088113,9.762094,19.114922,6.653465,,34.859753
2026.07.31-05.09.03:738,312,PL_SampleFPS,0.000000,0.000000,0.000000,50.262169,19.895679,13.844494,9.291245,19.426682,6.960736,,34.899341
2026.07.31-05.09.03:778,314,PL_SampleFPS,0.000000,0.000000,0.000000,50.503700,19.800529,13.806646,9.048764,19.880211,7.210915,,34.939481
2026.07.31-05.09.03:817,316,PL_SampleFPS,0.000000,0.000000,0.000000,50.345005,19.862944,13.716197,8.240496,18.944927,6.456530,,34.978175
2026.07.31-05.09.03:857,318,PL_SampleFPS,0.000000,0.000000,0.000000,50.743904,19.706800,14.008714,8.711344,19.374081,6.351327,,35.017877
2026.07.31-05.09.03:896,320,PL_SampleFPS,0.000000,0.000000,0.000000,52.033161,19.218513,11.582623,8.841565,19.666597,7.007564,,35.057386
2026.07.31-05.09.03:936,322,PL_SampleFPS,0.000000,0.000000,0.000000,49.856689,20.057489,14.276854,8.385470,19.146996,6.526452,,35.096738
2026.07.31-05.09.03:975,324,PL_SampleFPS,0.000000,0.000000,0.000000,49.554333,20.179871,16.233377,9.132798,19.567808,7.079411,,35.136246
2026.07.31-05.09.04:015,326,PL_SampleFPS,0.000000,0.000000,0.000000,50.048180,19.980747,15.186477,8.649761,19.478642,6.457171,,35.176121
2026.07.31-05.09.04:055,328,PL_SampleFPS,0.000000,0.000000,0.000000,50.454681,19.819767,14.761173,9.010275,19.406796,6.149260,,35.215884
2026.07.31-05.09.04:096,330,PL_SampleFPS,0.000000,0.000000,0.000000,47.603241,21.006973,19.825686,9.386185,19.811573,6.767650,,35.256488
2026.07.31-05.09.04:135,332,PL_SampleFPS,0.000000,0.000000,0.000000,50.690937,19.727392,14.774645,9.375279,19.589619,6.701577,,35.295775
2026.07.31-05.09.04:174,334,PL_SampleFPS,0.000000,0.000000,0.000000,50.823353,19.675995,13.560958,8.488108,19.220766,6.885683,,35.335178
2026.07.31-05.09.04:214,336,PL_SampleFPS,0.000000,0.000000,0.000000,49.748558,20.101086,15.325038,8.980767,19.327251,7.103787,,35.374547
2026.07.31-05.09.04:253,338,PL_SampleFPS,0.000000,0.000000,0.000000,49.754173,20.098816,15.436014,9.207211,19.025755,6.852967,,35.414046
2026.07.31-05.09.04:293,340,PL_SampleFPS,0.000000,0.000000,0.000000,50.176968,19.929462,14.481487,9.905787,19.397816,7.414906,,35.453791
2026.07.31-05.09.04:332,342,PL_SampleFPS,0.000000,0.000000,0.000000,48.725388,20.523182,16.268660,8.885186,19.061037,6.926737,,35.492766
2026.07.31-05.09.04:371,344,PL_SampleFPS,0.000000,0.000000,0.000000,50.766312,19.698103,14.431451,9.317546,19.010359,6.893380,,35.531748
2026.07.31-05.09.04:409,346,PL_SampleFPS,0.000000,0.000000,0.000000,49.636547,20.146446,15.943427,9.311772,18.692184,6.920322,,35.570459
2026.07.31-05.09.04:448,348,PL_SampleFPS,0.000000,0.000000,0.000000,48.963707,20.423290,17.651697,8.502862,19.089903,6.555318,,35.609382
2026.07.31-05.09.04:507,351,PL_SampleFPS,0.000000,0.000000,0.000000,50.782230,19.691927,13.732234,8.596519,19.166241,6.663729,,35.667863
2026.07.31-05.09.04:546,353,PL_SampleFPS,0.000000,0.000000,0.000000,52.842110,18.924301,11.540286,8.763946,18.995605,7.142917,,35.706764
2026.07.31-05.09.04:585,355,PL_SampleFPS,0.000000,0.000000,0.000000,53.236931,18.783953,12.459532,8.940353,19.062962,6.649617,,35.745645
2026.07.31-05.09.04:624,357,PL_SampleFPS,0.000000,0.000000,0.000000,49.894901,20.042128,15.096028,8.590745,19.207937,6.327592,,35.784683
2026.07.31-05.09.04:663,359,PL_SampleFPS,0.000000,0.000000,0.000000,50.563648,19.777054,14.004865,9.040425,19.331100,6.953038,,35.823889
2026.07.31-05.09.04:703,361,PL_SampleFPS,0.000000,0.000000,0.000000,49.495354,20.203917,16.175003,9.253398,19.163673,7.109560,,35.863497
2026.07.31-05.09.04:742,363,PL_SampleFPS,0.000000,0.000000,0.000000,50.095123,19.962023,14.695743,9.456106,19.724972,6.790743,,35.903465
2026.07.31-05.09.04:782,365,PL_SampleFPS,0.000000,0.000000,0.000000,49.711025,20.116262,14.279420,8.807567,19.094395,6.969717,,35.942606
2026.07.31-05.09.04:821,367,PL_SampleFPS,0.000000,0.000000,0.000000,50.896027,19.647900,13.979847,9.425315,19.180994,6.706067,,35.981759
2026.07.31-05.09.04:860,369,PL_SampleFPS,0.000000,0.000000,0.000000,50.599003,19.763235,14.382698,9.414410,19.368307,6.936359,,36.021167
2026.07.31-05.09.04:900,371,PL_SampleFPS,0.000000,0.000000,0.000000,50.388573,19.845770,14.533447,9.318829,19.325327,7.009489,,36.061030
2026.07.31-05.09.04:939,373,PL_SampleFPS,0.000000,0.000000,0.000000,52.704197,18.973822,11.860386,8.998729,19.318913,6.439851,,36.100032
2026.07.31-05.09.04:979,375,PL_SampleFPS,0.000000,0.000000,0.000000,49.650696,20.140705,14.222969,9.333583,19.678785,7.186538,,36.139665
2026.07.31-05.09.05:018,377,PL_SampleFPS,0.000000,0.000000,0.000000,52.300579,19.120247,11.853971,8.867866,19.111073,7.180123,,36.178744
2026.07.31-05.09.05:057,379,PL_SampleFPS,0.000000,0.000000,0.000000,49.869469,20.052349,14.133162,8.838358,19.350346,6.687464,,36.218096
2026.07.31-05.09.05:098,381,PL_SampleFPS,0.000000,0.000000,0.000000,50.147396,19.941216,14.204366,9.449692,20.070732,6.705426,,36.258666
2026.07.31-05.09.05:137,383,PL_SampleFPS,0.000000,0.000000,0.000000,49.867104,20.053301,14.551409,8.731872,19.243217,6.545055,,36.297701
2026.07.31-05.09.05:176,385,PL_SampleFPS,0.000000,0.000000,0.000000,50.369976,19.853096,14.156255,8.697231,19.451059,6.314762,,36.337394
2026.07.31-05.09.05:215,387,PL_SampleFPS,0.000000,0.000000,0.000000,50.293770,19.883179,14.602086,9.120610,19.025755,7.107635,,36.376312
2026.07.31-05.09.05:255,389,PL_SampleFPS,0.000000,0.000000,0.000000,52.531055,19.036358,12.293387,9.758886,19.284914,7.264158,,36.416042
2026.07.31-05.09.05:295,391,PL_SampleFPS,0.000000,0.000000,0.000000,49.777504,20.089396,14.314701,9.365016,19.958471,6.829874,,36.456208
2026.07.31-05.09.05:335,393,PL_SampleFPS,0.000000,0.000000,0.000000,51.739933,19.327431,11.575567,8.654252,19.343288,6.483472,,36.495789
2026.07.31-05.09.05:374,395,PL_SampleFPS,0.000000,0.000000,0.000000,49.850227,20.060089,14.356398,9.248907,19.234238,6.954963,,36.534938
2026.07.31-05.09.05:414,397,PL_SampleFPS,0.000000,0.000000,0.000000,50.652477,19.742371,14.147916,8.259740,19.959755,6.732368,,36.574880
2026.07.31-05.09.05:454,399,PL_SampleFPS,0.000000,0.000000,0.000000,52.238575,19.142942,11.844991,9.502934,19.422192,7.010130,,36.614661
2026.07.31-05.09.05:493,401,PL_SampleFPS,0.000000,0.000000,0.000000,48.620892,20.567291,16.889616,8.568934,19.381779,6.666295,,36.654322
2026.07.31-05.09.05:533,403,PL_SampleFPS,0.000000,0.000000,0.000000,52.130505,19.182627,11.957891,8.927524,19.250275,6.605996,,36.693875
2026.07.31-05.09.05:572,405,PL_SampleFPS,0.000000,0.000000,0.000000,49.756378,20.097925,15.176213,9.134723,19.089903,6.847835,,36.733240
2026.07.31-05.09.05:611,407,PL_SampleFPS,0.000000,0.000000,0.000000,50.411755,19.836643,14.281985,9.374638,19.102734,6.899154,,36.771824
2026.07.31-05.09.05:651,409,PL_SampleFPS,0.000000,0.000000,0.000000,50.449833,19.821671,14.452621,8.589462,19.241293,6.279480,,36.811819
2026.07.31-05.09.05:690,411,PL_SampleFPS,0.000000,0.000000,0.000000,52.829063,18.928974,12.001513,9.365016,19.043716,6.348761,,36.850514
2026.07.31-05.09.05:729,413,PL_SampleFPS,0.000000,0.000000,0.000000,52.357090,19.099609,11.642282,8.559954,19.644144,6.464869,,36.890137
2026.07.31-05.09.05:768,415,PL_SampleFPS,0.000000,0.000000,0.000000,52.002861,19.229712,11.975211,9.501010,19.227180,7.249403,,36.929385
2026.07.31-05.09.05:807,417,PL_SampleFPS,0.000000,0.000000,0.000000,50.391941,19.844442,14.322399,8.848621,19.306725,6.760593,,36.968292
2026.07.31-05.09.05:848,419,PL_SampleFPS,0.000000,0.000000,0.000000,50.780457,19.692616,13.597523,8.898657,19.751272,6.574563,,37.008675
2026.07.31-05.09.05:887,421,PL_SampleFPS,0.000000,0.000000,0.000000,50.372757,19.852001,13.829099,9.019256,19.278500,6.850401,,37.047734
2026.07.31-05.09.05:927,423,PL_SampleFPS,0.000000,0.000000,0.000000,52.104637,19.192150,11.929667,9.143703,19.457474,7.436717,,37.087595
2026.07.31-05.09.05:967,425,PL_SampleFPS,0.000000,0.000000,0.000000,49.521965,20.193060,13.679633,9.066726,19.504301,7.153181,,37.127716
2026.07.31-05.09.06:006,427,PL_SampleFPS,0.000000,0.000000,0.000000,51.628777,19.369043,11.939288,8.765870,19.116846,6.986395,,37.166783
2026.07.31-05.09.06:046,429,PL_SampleFPS,0.000000,0.000000,0.000000,51.321873,19.484869,11.547342,9.750547,19.858400,7.250045,,37.207047
2026.07.31-05.09.06:086,431,PL_SampleFPS,0.000000,0.000000,0.000000,51.047966,19.589418,11.918761,9.158458,19.383060,7.203858,,37.246508
2026.07.31-05.09.06:125,433,PL_SampleFPS,0.000000,0.000000,0.000000,51.664688,19.355579,12.004720,9.485615,19.511358,6.704784,,37.286123
2026.07.31-05.09.06:165,435,PL_SampleFPS,0.000000,0.000000,0.000000,49.722073,20.111792,14.240289,8.611914,19.769234,6.413551,,37.326161
2026.07.31-05.09.06:204,437,PL_SampleFPS,0.000000,0.000000,0.000000,48.965618,20.422493,16.132023,8.540709,18.987907,6.856816,,37.365227
2026.07.31-05.09.06:244,439,PL_SampleFPS,0.000000,0.000000,0.000000,50.936562,19.632263,13.991394,9.634439,19.420267,6.772781,,37.404700
2026.07.31-05.09.06:283,441,PL_SampleFPS,0.000000,0.000000,0.000000,50.513084,19.796850,14.459677,9.053896,19.352911,6.978056,,37.444155
2026.07.31-05.09.06:322,443,PL_SampleFPS,0.000000,0.000000,0.000000,50.699516,19.724054,14.115841,8.845414,19.090546,6.353251,,37.483482
2026.07.31-05.09.06:362,445,PL_SampleFPS,0.000000,0.000000,0.000000,50.892460,19.649277,14.181914,9.390675,19.312498,6.865155,,37.522569
2026.07.31-05.09.06:400,447,PL_SampleFPS,0.000000,0.000000,0.000000,50.743275,19.707045,14.700874,9.059669,18.848064,6.883758,,37.561419
2026.07.31-05.09.06:440,449,PL_SampleFPS,0.000000,0.000000,0.000000,50.513947,19.796513,15.528388,8.980767,19.257330,6.729160,,37.600651
2026.07.31-05.09.06:479,451,PL_SampleFPS,0.000000,0.000000,0.000000,52.138981,19.179508,11.936081,8.568294,19.196390,6.800365,,37.640045
2026.07.31-05.09.06:518,453,PL_SampleFPS,0.000000,0.000000,0.000000,51.989742,19.234564,12.082980,9.402864,19.403589,7.318042,,37.679474
2026.07.31-05.09.06:558,455,PL_SampleFPS,0.000000,0.000000,0.000000,50.430798,19.829153,14.257609,9.479841,19.261822,6.679125,,37.718721
2026.07.31-05.09.06:597,457,PL_SampleFPS,0.000000,0.000000,0.000000,52.321175,19.112720,11.986116,9.024388,19.136089,6.685540,,37.758034
2026.07.31-05.09.06:636,459,PL_SampleFPS,0.000000,0.000000,0.000000,50.770931,19.696310,13.994601,8.427167,19.224615,6.529659,,37.796586
2026.07.31-05.09.06:675,461,PL_SampleFPS,0.000000,0.000000,0.000000,52.557957,19.026615,12.064378,10.104646,19.102091,7.003716,,37.835817
2026.07.31-05.09.06:714,463,PL_SampleFPS,0.000000,0.000000,0.000000,50.536709,19.787596,13.449982,9.164873,19.315706,6.448832,,37.875188
2026.07.31-05.09.06:753,465,PL_SampleFPS,0.000000,0.000000,0.000000,49.956757,20.017313,15.274361,9.191815,19.223331,7.172425,,37.914465
2026.07.31-05.09.06:792,467,PL_SampleFPS,0.000000,0.000000,0.000000,50.879826,19.654156,14.297381,9.216833,18.677429,6.958170,,37.952747
2026.07.31-05.09.06:831,469,PL_SampleFPS,0.000000,0.000000,0.000000,51.894176,19.269985,14.067730,8.564445,19.152126,6.676559,,37.991748
2026.07.31-05.09.06:870,471,PL_SampleFPS,0.000000,0.000000,0.000000,51.771084,19.315802,13.902227,8.352114,19.342007,6.530942,,38.030882
2026.07.31-05.09.06:909,473,PL_SampleFPS,0.000000,0.000000,0.000000,52.910370,18.899887,12.078490,9.540140,19.150845,7.157671,,38.069738
2026.07.31-05.09.06:949,475,PL_SampleFPS,0.000000,0.000000,0.000000,50.335148,19.866833,14.009356,9.052613,19.358044,6.195446,,38.109520
2026.07.31-05.09.06:987,477,PL_SampleFPS,0.000000,0.000000,0.000000,49.581264,20.168909,16.443785,8.722891,19.009718,6.837571,,38.148075
2026.07.31-05.09.07:026,479,PL_SampleFPS,0.000000,0.000000,0.000000,53.146824,18.815800,12.450551,9.800583,19.259897,6.919681,,38.187458
2026.07.31-05.09.07:066,481,PL_SampleFPS,0.000000,0.000000,0.000000,50.614830,19.757055,14.164594,8.825528,19.702520,7.076844,,38.226792
2026.07.31-05.09.07:105,483,PL_SampleFPS,0.000000,0.000000,0.000000,52.491928,19.050549,11.991890,9.339997,19.483774,7.080052,,38.266251
2026.07.31-05.09.07:145,485,PL_SampleFPS,0.000000,0.000000,0.000000,51.981438,19.237637,12.467229,10.562023,19.508150,7.489960,,38.306143
2026.07.31-05.09.07:185,487,PL_SampleFPS,0.000000,0.000000,0.000000,51.464241,19.430967,11.785333,8.934580,19.460039,6.601505,,38.346217
2026.07.31-05.09.07:225,489,PL_SampleFPS,0.000000,0.000000,0.000000,48.784290,20.498402,14.825963,9.361167,19.475435,6.954321,,38.385973
2026.07.31-05.09.07:265,491,PL_SampleFPS,0.000000,0.000000,0.000000,48.833138,20.477898,15.071651,9.412485,19.739084,6.859382,,38.425937
2026.07.31-05.09.07:305,493,PL_SampleFPS,0.000000,0.000000,0.000000,49.831673,20.067558,14.466091,9.637005,19.484415,6.888890,,38.466076
2026.07.31-05.09.07:345,495,PL_SampleFPS,0.000000,0.000000,0.000000,49.863171,20.054882,14.191536,9.093668,19.497887,7.016545,,38.505528
2026.07.31-05.09.07:385,497,PL_SampleFPS,0.000000,0.000000,0.000000,49.089729,20.370859,14.532164,9.569649,19.356119,7.106353,,38.545855
2026.07.31-05.09.07:424,499,PL_SampleFPS,0.000000,0.000000,0.000000,48.721870,20.524664,16.460463,8.866583,19.151485,6.681691,,38.584795
2026.07.31-05.09.07:464,501,PL_SampleFPS,0.000000,0.000000,0.000000,52.026855,19.220842,11.814840,9.305999,19.568449,6.858099,,38.624589
2026.07.31-05.09.07:503,503,PL_SampleFPS,0.000000,0.000000,0.000000,50.090137,19.964010,14.434659,8.593952,19.479284,6.322460,,38.664407
2026.07.31-05.09.07:543,505,PL_SampleFPS,0.000000,0.000000,0.000000,49.632420,20.148121,15.506577,8.690817,19.502377,6.959453,,38.703927
2026.07.31-05.09.07:583,507,PL_SampleFPS,0.000000,0.000000,0.000000,52.486534,19.052505,12.007927,9.599157,19.852627,6.672710,,38.743921
2026.07.31-05.09.07:622,509,PL_SampleFPS,0.000000,0.000000,0.000000,49.981548,20.007383,14.537937,9.551687,19.248991,7.093523,,38.783356
2026.07.31-05.09.07:662,511,PL_SampleFPS,0.000000,0.000000,0.000000,50.692451,19.726803,13.765592,8.636291,19.341364,6.695162,,38.822580
2026.07.31-05.09.07:702,513,PL_SampleFPS,0.000000,0.000000,0.000000,52.251278,19.138288,11.959174,8.979485,19.597958,6.530301,,38.862541
2026.07.31-05.09.07:742,515,PL_SampleFPS,0.000000,0.000000,0.000000,49.651043,20.140564,14.518051,8.377772,19.674295,6.697086,,38.902478
2026.07.31-05.09.07:782,517,PL_SampleFPS,0.000000,0.000000,0.000000,49.750294,20.100384,14.128671,9.211060,19.902021,7.003716,,38.942760
2026.07.31-05.09.07:822,519,PL_SampleFPS,0.000000,0.000000,0.000000,51.659496,19.357525,12.071434,9.269435,19.649277,7.187180,,38.982660
2026.07.31-05.09.07:862,521,PL_SampleFPS,0.000000,0.000000,0.000000,49.147152,20.347059,14.301871,8.706212,19.667238,6.425097,,39.022970
2026.07.31-05.09.07:902,523,PL_SampleFPS,0.000000,0.000000,0.000000,50.374886,19.851162,12.295953,9.802507,19.609505,7.513053,,39.063387
2026.07.31-05.09.07:943,525,PL_SampleFPS,0.000000,0.000000,0.000000,48.618160,20.568445,14.886905,10.140569,19.901381,7.145483,,39.104178
2026.07.31-05.09.07:983,527,PL_SampleFPS,0.000000,0.000000,0.000000,49.248943,20.305004,14.461601,8.649761,19.945002,6.557884,,39.144117
2026.07.31-05.09.08:023,529,PL_SampleFPS,0.000000,0.000000,0.000000,50.877190,19.655174,12.334442,9.886541,19.610788,7.740780,,39.184106
2026.07.31-05.09.08:064,531,PL_SampleFPS,0.000000,0.000000,0.000000,50.770748,19.696381,12.066302,9.343205,19.631956,7.092882,,39.224490
2026.07.31-05.09.08:104,533,PL_SampleFPS,0.000000,0.000000,0.000000,48.050404,20.811480,14.364096,9.087894,19.714067,6.937643,,39.265005
2026.07.31-05.09.08:144,535,PL_SampleFPS,0.000000,0.000000,0.000000,50.003357,19.998657,12.272218,9.517047,19.685200,6.967151,,39.305138
2026.07.31-05.09.08:185,537,PL_SampleFPS,0.000000,0.000000,0.000000,50.372875,19.851954,11.893743,10.265017,19.474152,6.811270,,39.345605
2026.07.31-05.09.08:224,539,PL_SampleFPS,0.000000,0.000000,0.000000,51.685589,19.347754,12.737935,10.091816,19.572298,6.947265,,39.384979
2026.07.31-05.09.08:264,541,PL_SampleFPS,0.000000,0.000000,0.000000,49.569382,20.173744,14.608500,9.501010,19.719198,6.975490,,39.424885
2026.07.31-05.09.08:305,543,PL_SampleFPS,0.000000,0.000000,0.000000,51.183617,19.537502,12.737293,9.891673,19.871229,7.708064,,39.465570
2026.07.31-05.09.08:345,545,PL_SampleFPS,0.000000,0.000000,0.000000,48.668800,20.547045,16.488047,9.071217,19.719839,6.850401,,39.505531
2026.07.31-05.09.08:384,547,PL_SampleFPS,0.000000,0.000000,0.000000,50.453159,19.820364,12.217051,9.411202,19.545357,6.465511,,39.545472
2026.07.31-05.09.08:425,549,PL_SampleFPS,0.000000,0.000000,0.000000,51.655605,19.358984,12.372290,10.041139,19.737801,6.824100,,39.585907
2026.07.31-05.09.08:465,551,PL_SampleFPS,0.000000,0.000000,0.000000,50.419567,19.833570,12.258747,9.560668,20.199669,6.944057,,39.626475
2026.07.31-05.09.08:506,553,PL_SampleFPS,0.000000,0.000000,0.000000,47.034111,21.261166,17.424612,9.121893,19.769234,6.835005,,39.666923
2026.07.31-05.09.08:547,555,PL_SampleFPS,0.000000,0.000000,0.000000,50.632168,19.750290,12.464022,10.458745,19.870588,6.718897,,39.707485
2026.07.31-05.09.08:586,557,PL_SampleFPS,0.000000,0.000000,0.000000,46.968277,21.290966,17.030743,8.812057,19.735235,6.987037,,39.747447
2026.07.31-05.09.08:626,559,PL_SampleFPS,0.000000,0.000000,0.000000,50.902626,19.645351,12.324820,9.666512,19.596676,6.682332,,39.787322
2026.07.31-05.09.08:667,561,PL_SampleFPS,0.000000,0.000000,0.000000,50.436481,19.826918,11.945704,9.695379,19.735878,6.881834,,39.827720
2026.07.31-05.09.08:706,563,PL_SampleFPS,0.000000,0.000000,0.000000,48.285728,20.710052,15.475144,8.808849,19.349705,7.503431,,39.867215
2026.07.31-05.09.08:746,565,PL_SampleFPS,0.000000,0.000000,0.000000,50.897961,19.647152,12.304934,9.409278,19.531244,7.409133,,39.906820
2026.07.31-05.09.08:785,567,PL_SampleFPS,0.000000,0.000000,0.000000,50.638916,19.747658,12.353045,9.681909,19.241936,7.542562,,39.946312
2026.07.31-05.09.08:825,569,PL_SampleFPS,0.000000,0.000000,0.000000,50.969994,19.619387,11.678846,9.971859,19.441437,6.955604,,39.985883
2026.07.31-05.09.08:865,571,PL_SampleFPS,0.000000,0.000000,0.000000,46.721947,21.403217,18.139866,9.982764,19.401665,7.867152,,40.025849
2026.07.31-05.09.08:904,573,PL_SampleFPS,0.000000,0.000000,0.000000,51.112698,19.564610,12.213202,10.651832,19.458115,7.409133,,40.065220
2026.07.31-05.09.08:944,575,PL_SampleFPS,0.000000,0.000000,0.000000,51.731701,19.330507,12.281199,10.372145,19.549847,7.076203,,40.105056
2026.07.31-05.09.08:984,577,PL_SampleFPS,0.000000,0.000000,0.000000,50.484238,19.808163,12.354328,9.756962,19.795534,7.247479,,40.145121
2026.07.31-05.09.09:024,579,PL_SampleFPS,0.000000,0.000000,0.000000,50.517368,19.795172,12.478776,9.644061,19.894323,6.656673,,40.185001
2026.07.31-05.09.09:064,581,PL_SampleFPS,0.000000,0.000000,0.000000,50.138550,19.944733,12.503152,10.327241,19.891115,7.382191,,40.225354
2026.07.31-05.09.09:105,583,PL_SampleFPS,0.000000,0.000000,0.000000,49.725616,20.110359,12.097734,9.520896,19.833382,6.809346,,40.266114
2026.07.31-05.09.09:146,585,PL_SampleFPS,0.000000,0.000000,0.000000,49.819958,20.072277,12.751407,10.541496,19.979000,7.624671,,40.306845
2026.07.31-05.09.09:186,587,PL_SampleFPS,0.000000,0.000000,0.000000,49.331921,20.270851,11.955325,9.195664,19.771801,6.769574,,40.347290
2026.07.31-05.09.09:227,589,PL_SampleFPS,0.000000,0.000000,0.000000,50.034412,19.986244,12.561527,9.765301,19.872513,7.032582,,40.387523
2026.07.31-05.09.09:268,591,PL_SampleFPS,0.000000,0.000000,0.000000,50.224079,19.910769,12.600657,10.493384,20.143860,7.527166,,40.428708
2026.07.31-05.09.09:308,593,PL_SampleFPS,0.000000,0.000000,0.000000,49.651108,20.140537,12.111847,9.755679,19.868664,7.454678,,40.468985
2026.07.31-05.09.09:350,595,PL_SampleFPS,0.000000,0.000000,0.000000,47.835659,20.904907,14.500731,9.412485,20.437660,7.276346,,40.510588
2026.07.31-05.09.09:390,597,PL_SampleFPS,0.000000,0.000000,0.000000,49.814716,20.074389,12.487115,9.425957,19.904587,7.162162,,40.551051
2026.07.31-05.09.09:431,599,PL_SampleFPS,0.000000,0.000000,0.000000,50.070766,19.971733,12.550622,9.356676,20.048279,7.396945,,40.591790
2026.07.31-05.09.09:472,601,PL_SampleFPS,0.000000,0.000000,0.000000,49.463940,20.216747,12.022681,10.304789,19.707010,7.151898,,40.632942
2026.07.31-05.09.09:512,603,PL_SampleFPS,0.000000,0.000000,0.000000,50.534729,19.788372,12.285689,9.764018,19.710218,7.439282,,40.673202
2026.07.31-05.09.09:554,605,PL_SampleFPS,0.000000,0.000000,0.000000,49.551678,20.180952,11.758390,9.378487,20.016205,7.168577,,40.714614
2026.07.31-05.09.09:593,607,PL_SampleFPS,0.000000,0.000000,0.000000,49.946243,20.021526,12.187542,9.765943,19.479284,7.291741,,40.754481
2026.07.31-05.09.09:635,609,PL_SampleFPS,0.000000,0.000000,0.000000,49.214161,20.319355,12.118904,10.261809,20.424829,7.547693,,40.796336
2026.07.31-05.09.09:675,611,PL_SampleFPS,0.000000,0.000000,0.000000,46.283119,21.606150,16.970442,9.066084,19.827610,7.108919,,40.836085
2026.07.31-05.09.09:717,613,PL_SampleFPS,0.000000,0.000000,0.000000,49.608360,20.157892,12.186259,9.696021,20.244574,7.098655,,40.877486
2026.07.31-05.09.09:757,615,PL_SampleFPS,0.000000,0.000000,0.000000,49.379269,20.251413,12.090037,9.869863,20.137445,7.699083,,40.918238
2026.07.31-05.09.09:798,617,PL_SampleFPS,0.000000,0.000000,0.000000,49.591022,20.164940,12.283123,9.440711,19.825043,7.025526,,40.959118
2026.07.31-05.09.09:840,619,PL_SampleFPS,0.000000,0.000000,0.000000,49.638958,20.145468,12.134299,9.667796,20.277288,6.971000,,41.000581
2026.07.31-05.09.09:880,621,PL_SampleFPS,0.000000,0.000000,0.000000,48.831299,20.478668,12.869439,9.419541,20.197104,6.827307,,41.041275
2026.07.31-05.09.09:922,623,PL_SampleFPS,0.000000,0.000000,0.000000,48.922451,20.440514,12.117620,9.769150,20.120125,6.977415,,41.082577
2026.07.31-05.09.09:962,625,PL_SampleFPS,0.000000,0.000000,0.000000,49.686028,20.126383,12.322254,10.066798,20.057901,7.116616,,41.123268
2026.07.31-05.09.10:003,627,PL_SampleFPS,0.000000,0.000000,0.000000,48.120712,20.781073,14.679064,9.259171,20.107937,7.455961,,41.164373
2026.07.31-05.09.10:043,629,PL_SampleFPS,0.000000,0.000000,0.000000,46.954048,21.297419,17.031384,9.409278,19.884060,7.139068,,41.204387
2026.07.31-05.09.10:085,631,PL_SampleFPS,0.000000,0.000000,0.000000,50.711864,19.719252,12.406288,9.803790,20.371588,7.214122,,41.245488
2026.07.31-05.09.10:125,633,PL_SampleFPS,0.000000,0.000000,0.000000,49.594223,20.163639,12.503152,10.140569,19.896889,7.581692,,41.286475
2026.07.31-05.09.10:166,635,PL_SampleFPS,0.000000,0.000000,0.000000,50.021156,19.991541,11.765447,9.576063,20.178501,7.303929,,41.327289
2026.07.31-05.09.10:207,637,PL_SampleFPS,0.000000,0.000000,0.000000,46.972847,21.288895,15.889543,8.747909,19.725613,7.261591,,41.367539
2026.07.31-05.09.10:247,639,PL_SampleFPS,0.000000,0.000000,0.000000,50.199894,19.920361,11.933515,9.971859,20.105371,7.252611,,41.408059
2026.07.31-05.09.10:288,641,PL_SampleFPS,0.000000,0.000000,0.000000,49.136295,20.351555,11.818689,9.674211,19.868023,7.565655,,41.449232
2026.07.31-05.09.10:330,643,PL_SampleFPS,0.000000,0.000000,0.000000,48.955833,20.426575,11.940571,10.100797,20.127823,7.016545,,41.490605
2026.07.31-05.09.10:371,645,PL_SampleFPS,0.000000,0.000000,0.000000,46.979362,21.285942,14.291608,9.497161,20.250988,6.886965,,41.532220
2026.07.31-05.09.10:412,647,PL_SampleFPS,0.000000,0.000000,0.000000,49.945530,20.021812,12.962454,10.587042,20.046997,7.171143,,41.572715
2026.07.31-05.09.10:453,649,PL_SampleFPS,0.000000,0.000000,0.000000,49.600872,20.160936,11.483193,9.178344,20.453697,6.642560,,41.614093
2026.07.31-05.09.10:494,651,PL_SampleFPS,0.000000,0.000000,0.000000,49.456295,20.219873,12.774500,10.205359,20.177858,7.892170,,41.654997
2026.07.31-05.09.10:536,653,PL_SampleFPS,0.000000,0.000000,0.000000,48.981316,20.415949,12.429381,10.206642,20.381208,7.546410,,41.696574
2026.07.31-05.09.10:576,655,PL_SampleFPS,0.000000,0.000000,0.000000,48.602230,20.575188,12.592319,9.899371,19.816704,7.426453,,41.737054
2026.07.31-05.09.10:617,657,PL_SampleFPS,0.000000,0.000000,0.000000,49.877117,20.049274,12.706502,10.673641,20.270233,7.549618,,41.778304
2026.07.31-05.09.10:658,659,PL_SampleFPS,0.000000,0.000000,0.000000,46.680161,21.422377,17.118626,8.744060,20.106655,7.428377,,41.819173
2026.07.31-05.09.10:699,661,PL_SampleFPS,0.000000,0.000000,0.000000,48.300735,20.703619,14.893961,9.534368,19.952698,7.268648,,41.859918
2026.07.31-05.09.10:739,663,PL_SampleFPS,0.000000,0.000000,0.000000,48.271523,20.716148,14.670725,9.558743,19.801950,7.360380,,41.900261
2026.07.31-05.09.10:779,665,PL_SampleFPS,0.000000,0.000000,0.000000,48.131508,20.776411,14.629669,9.671003,19.553055,6.867721,,41.940421
2026.07.31-05.09.10:820,667,PL_SampleFPS,0.000000,0.000000,0.000000,50.635586,19.748957,12.038076,10.038573,19.944359,7.096730,,41.980759
2026.07.31-05.09.10:860,669,PL_SampleFPS,0.000000,0.000000,0.000000,49.995270,20.001892,12.399874,10.080911,19.825686,7.695876,,42.021292
2026.07.31-05.09.10:901,671,PL_SampleFPS,0.000000,0.000000,0.000000,50.674324,19.733860,12.143280,10.635153,19.664673,7.153181,,42.062025
2026.07.31-05.09.10:941,673,PL_SampleFPS,0.000000,0.000000,0.000000,47.928276,20.864510,14.933091,9.536292,19.875721,7.688178,,42.101859
2026.07.31-05.09.10:981,675,PL_SampleFPS,0.000000,0.000000,0.000000,50.374313,19.851387,12.294028,9.678701,19.733953,6.834364,,42.142436
2026.07.31-05.09.11:022,677,PL_SampleFPS,0.000000,0.000000,0.000000,50.251125,19.900051,11.946986,9.651117,19.810289,7.294307,,42.182786
2026.07.31-05.09.11:062,679,PL_SampleFPS,0.000000,0.000000,0.000000,47.304321,21.139717,17.202660,9.593384,19.899456,7.101221,,42.223295
2026.07.31-05.09.11:103,681,PL_SampleFPS,0.000000,0.000000,0.000000,48.959625,20.424994,14.892677,9.509350,20.122049,7.538071,,42.264289
2026.07.31-05.09.11:144,683,PL_SampleFPS,0.000000,0.000000,0.000000,50.770416,19.696510,12.249125,10.257318,20.129747,7.813267,,42.305055
2026.07.31-05.09.11:185,685,PL_SampleFPS,0.000000,0.000000,0.000000,50.511242,19.797573,12.202296,10.279771,20.148352,7.356531,,42.346178
2026.07.31-05.09.11:226,687,PL_SampleFPS,0.000000,0.000000,0.000000,50.448421,19.822226,12.140073,10.175851,20.223404,7.713838,,42.387203
2026.07.31-05.09.11:268,689,PL_SampleFPS,0.000000,0.000000,0.000000,48.319199,20.695707,14.668159,10.193171,20.225328,7.275063,,42.428912
2026.07.31-05.09.11:308,691,PL_SampleFPS,0.000000,0.000000,0.000000,50.171429,19.931664,12.257464,9.467011,19.859684,6.902361,,42.468531
2026.07.31-05.09.11:349,693,PL_SampleFPS,0.000000,0.000000,0.000000,49.589653,20.165497,11.992532,10.109137,20.134880,7.879982,,42.509854
2026.07.31-05.09.11:390,695,PL_SampleFPS,0.000000,0.000000,0.000000,49.607315,20.158318,11.385047,9.758886,19.952698,7.311627,,42.550572
2026.07.31-05.09.11:431,697,PL_SampleFPS,0.000000,0.000000,0.000000,48.935318,20.435139,12.587187,10.190604,20.079712,7.431585,,42.591688
2026.07.31-05.09.11:472,699,PL_SampleFPS,0.000000,0.000000,0.000000,48.853123,20.469521,12.237578,10.125814,20.095108,7.602861,,42.633019
2026.07.31-05.09.11:513,701,PL_SampleFPS,0.000000,0.000000,0.000000,45.844910,21.812672,17.220621,9.129591,20.195820,6.630372,,42.673797
2026.07.31-05.09.11:555,703,PL_SampleFPS,0.000000,0.000000,0.000000,50.152252,19.939283,11.916195,9.947482,20.674368,7.198726,,42.715931
2026.07.31-05.09.11:595,705,PL_SampleFPS,0.000000,0.000000,0.000000,46.456833,21.525358,17.626038,9.599798,20.111145,7.179482,,42.756375
2026.07.31-05.09.11:637,707,PL_SampleFPS,0.000000,0.000000,0.000000,49.933689,20.026560,12.358177,9.641495,20.566599,7.613124,,42.797517
2026.07.31-05.09.11:678,709,PL_SampleFPS,0.000000,0.000000,0.000000,49.679581,20.128994,12.344065,8.947410,20.340796,7.404001,,42.839188
2026.07.31-05.09.11:720,711,PL_SampleFPS,0.000000,0.000000,0.000000,48.486454,20.624317,12.608997,9.868580,20.755836,7.408491,,42.881151
2026.07.31-05.09.11:762,713,PL_SampleFPS,0.000000,0.000000,0.000000,48.506672,20.615721,12.136224,9.758245,20.002733,7.317401,,42.922501
2026.07.31-05.09.11:803,715,PL_SampleFPS,0.000000,0.000000,0.000000,48.667339,20.547661,12.289538,10.677490,20.800739,7.674066,,42.964443
2026.07.31-05.09.11:845,717,PL_SampleFPS,0.000000,0.000000,0.000000,47.886963,20.882511,12.596808,10.058459,19.981565,7.490601,,43.005798
2026.07.31-05.09.11:887,719,PL_SampleFPS,0.000000,0.000000,0.000000,48.226616,20.735437,11.997663,9.860241,20.631388,7.400794,,43.047502
2026.07.31-05.09.11:927,721,PL_SampleFPS,0.000000,0.000000,0.000000,47.064644,21.247372,14.536013,8.721608,20.211857,6.666295,,43.088464
2026.07.31-05.09.11:969,723,PL_SampleFPS,0.000000,0.000000,0.000000,46.716419,21.405750,15.133234,9.046840,20.709648,7.056317,,43.130049
2026.07.31-05.09.12:010,725,PL_SampleFPS,0.000000,0.000000,0.000000,46.563694,21.475960,17.370728,9.064801,20.229818,7.305854,,43.171177
2026.07.31-05.09.12:051,727,PL_SampleFPS,0.000000,0.000000,0.000000,49.575008,20.171453,12.122752,9.808922,20.080353,7.223744,,43.212300
2026.07.31-05.09.12:093,729,PL_SampleFPS,0.000000,0.000000,0.000000,46.194965,21.647381,17.150700,9.555536,20.190048,7.124956,,43.253559
2026.07.31-05.09.12:134,731,PL_SampleFPS,0.000000,0.000000,0.000000,49.844505,20.062391,12.231805,10.569079,20.216990,7.019753,,43.295055
2026.07.31-05.09.12:176,733,PL_SampleFPS,0.000000,0.000000,0.000000,47.513123,21.046818,14.820190,9.272000,20.288195,7.206424,,43.336651
2026.07.31-05.09.12:216,735,PL_SampleFPS,0.000000,0.000000,0.000000,47.343529,21.122211,16.737583,9.602365,20.185556,7.836361,,43.377173
2026.07.31-05.09.12:258,737,PL_SampleFPS,0.000000,0.000000,0.000000,49.881180,20.047642,12.401798,9.232228,20.240725,6.856816,,43.418714
2026.07.31-05.09.12:299,739,PL_SampleFPS,0.000000,0.000000,0.000000,50.252663,19.899443,12.641712,10.105928,20.286911,7.575919,,43.460323
2026.07.31-05.09.12:341,741,PL_SampleFPS,0.000000,0.000000,0.000000,47.248642,21.164629,15.598951,9.307282,20.292685,7.409774,,43.502025
2026.07.31-05.09.12:382,743,PL_SampleFPS,0.000000,0.000000,0.000000,47.799042,20.920921,14.403226,9.445201,20.171444,7.176916,,43.543011
2026.07.31-05.09.12:424,745,PL_SampleFPS,0.000000,0.000000,0.000000,49.300735,20.283672,11.875140,9.891032,20.120768,7.242347,,43.584708
2026.07.31-05.09.12:465,747,PL_SampleFPS,0.000000,0.000000,0.000000,48.428715,20.648907,12.274784,9.289321,20.337589,6.867721,,43.625758
2026.07.31-05.09.12:507,749,PL_SampleFPS,0.000000,0.000000,0.000000,46.338249,21.580444,15.685551,9.045557,20.304873,7.627237,,43.667581
2026.07.31-05.09.12:548,751,PL_SampleFPS,0.000000,0.000000,0.000000,47.664852,20.979820,14.792606,9.198872,20.334381,6.774064,,43.708913
2026.07.31-05.09.12:590,753,PL_SampleFPS,0.000000,0.000000,0.000000,49.358959,20.259747,12.177920,8.991031,20.284346,7.103787,,43.750486
2026.07.31-05.09.12:630,755,PL_SampleFPS,0.000000,0.000000,0.000000,49.554653,20.179739,12.534585,8.851188,20.278572,6.747764,,43.791381
2026.07.31-05.09.12:672,757,PL_SampleFPS,0.000000,0.000000,0.000000,47.071625,21.244221,15.509785,9.433655,20.615992,7.589390,,43.833053
2026.07.31-05.09.12:713,759,PL_SampleFPS,0.000000,0.000000,0.000000,49.385471,20.248871,12.033587,8.949334,20.252913,6.691313,,43.874139
2026.07.31-05.09.12:754,761,PL_SampleFPS,0.000000,0.000000,0.000000,49.126923,20.355438,11.941213,9.776206,20.322834,7.603502,,43.915336
2026.07.31-05.09.12:794,763,PL_SampleFPS,0.000000,0.000000,0.000000,47.347641,21.120377,14.833661,9.144345,19.670446,7.132654,,43.955314
2026.07.31-05.09.12:835,765,PL_SampleFPS,0.000000,0.000000,0.000000,50.375450,19.850939,12.193957,9.494596,20.046997,6.677842,,43.996202
2026.07.31-05.09.12:876,767,PL_SampleFPS,0.000000,0.000000,0.000000,49.735283,20.106451,12.419760,9.751188,19.857759,7.353324,,44.037000
2026.07.31-05.09.12:917,769,PL_SampleFPS,0.000000,0.000000,0.000000,48.111549,20.785030,14.304438,8.711344,20.064316,6.732368,,44.077798
2026.07.31-05.09.12:958,771,PL_SampleFPS,0.000000,0.000000,0.000000,47.456894,21.071754,14.919620,8.876846,20.057901,6.738141,,44.119291
2026.07.31-05.09.12:999,773,PL_SampleFPS,0.000000,0.000000,0.000000,47.560528,21.025839,15.952408,9.603647,19.838514,6.708633,,44.159874
2026.07.31-05.09.13:040,775,PL_SampleFPS,0.000000,0.000000,0.000000,50.998566,19.608395,12.265803,9.097517,20.025827,6.525169,,44.200624
2026.07.31-05.09.13:081,777,PL_SampleFPS,0.000000,0.000000,0.000000,50.276367,19.890060,12.591036,9.209777,20.074581,7.763232,,44.241500
2026.07.31-05.09.13:121,779,PL_SampleFPS,0.000000,0.000000,0.000000,48.732216,20.520306,14.646990,8.621536,20.055977,7.215405,,44.282019
2026.07.31-05.09.13:162,781,PL_SampleFPS,0.000000,0.000000,0.000000,48.406624,20.658329,14.450696,8.975636,20.007866,7.313552,,44.322962
2026.07.31-05.09.13:203,783,PL_SampleFPS,0.000000,0.000000,0.000000,50.795170,19.686911,11.879630,9.690248,19.980282,7.699083,,44.363833
2026.07.31-05.09.13:243,785,PL_SampleFPS,0.000000,0.000000,0.000000,49.998974,20.000410,11.898875,9.506142,19.964886,7.173067,,44.404448
2026.07.31-05.09.13:284,787,PL_SampleFPS,0.000000,0.000000,0.000000,49.772503,20.091415,12.357535,9.578629,20.025827,7.729875,,44.445390
2026.07.31-05.09.13:325,789,PL_SampleFPS,0.000000,0.000000,0.000000,47.860943,20.893864,15.103085,8.828735,20.102163,7.319325,,44.486153
2026.07.31-05.09.13:366,791,PL_SampleFPS,0.000000,0.000000,0.000000,50.519634,19.794285,12.059887,8.914694,20.100239,6.669503,,44.526824
2026.07.31-05.09.13:407,793,PL_SampleFPS,0.000000,0.000000,0.000000,49.806068,20.077875,11.701298,8.903790,20.041224,6.684898,,44.568241
2026.07.31-05.09.13:449,795,PL_SampleFPS,0.000000,0.000000,0.000000,47.812553,20.915009,14.834303,9.865373,20.233667,7.491884,,44.609634
2026.07.31-05.09.13:491,797,PL_SampleFPS,0.000000,0.000000,0.000000,46.576012,21.470280,17.183414,8.941637,20.513996,7.614408,,44.651547
2026.07.31-05.09.13:531,799,PL_SampleFPS,0.000000,0.000000,0.000000,50.382053,19.848337,12.188184,9.375279,20.111145,7.310986,,44.692405
2026.07.31-05.09.13:573,801,PL_SampleFPS,0.000000,0.000000,0.000000,49.866856,20.053400,12.014983,9.199512,20.703234,6.786252,,44.734356
2026.07.31-05.09.13:615,803,PL_SampleFPS,0.000000,0.000000,0.000000,47.394035,21.099701,14.598237,10.031517,20.169519,7.468791,,44.775665
2026.07.31-05.09.13:657,805,PL_SampleFPS,0.000000,0.000000,0.000000,48.027260,20.821508,14.139576,9.220682,20.719913,6.913908,,44.817492
2026.07.31-05.09.13:698,807,PL_SampleFPS,0.000000,0.000000,0.000000,49.636978,20.146271,12.057322,9.307923,20.523619,7.305212,,44.858971
2026.07.31-05.09.13:740,809,PL_SampleFPS,0.000000,0.000000,0.000000,48.673550,20.545040,12.087471,9.366299,20.792400,7.626595,,44.900914
2026.07.31-05.09.13:781,811,PL_SampleFPS,0.000000,0.000000,0.000000,47.284595,21.148537,14.116483,8.912128,20.299099,7.316759,,44.942397
2026.07.31-05.09.13:823,813,PL_SampleFPS,0.000000,0.000000,0.000000,47.299320,21.141953,14.711138,9.259171,20.768665,7.384115,,44.984473
2026.07.31-05.09.13:865,815,PL_SampleFPS,0.000000,0.000000,0.000000,47.577133,21.018501,14.192178,8.670931,20.512714,7.108277,,45.026130
2026.07.31-05.09.13:907,817,PL_SampleFPS,0.000000,0.000000,0.000000,48.781956,20.499384,12.013700,9.565159,20.705799,7.508563,,45.067987
2026.07.31-05.09.13:948,819,PL_SampleFPS,0.000000,0.000000,0.000000,47.250648,21.163731,14.298664,9.345130,19.918699,7.264799,,45.108825
2026.07.31-05.09.13:989,821,PL_SampleFPS,0.000000,0.000000,0.000000,47.825897,20.909174,14.557823,9.030803,20.395323,7.252611,,45.150120
2026.07.31-05.09.14:030,823,PL_SampleFPS,0.000000,0.000000,0.000000,48.210144,20.742523,14.777852,9.347054,19.972584,7.225668,,45.190983
2026.07.31-05.09.14:072,825,PL_SampleFPS,0.000000,0.000000,0.000000,49.451443,20.221857,12.298519,9.474068,20.676292,7.111485,,45.232722
2026.07.31-05.09.14:113,827,PL_SampleFPS,0.000000,0.000000,0.000000,49.731815,20.107853,12.215768,9.358601,19.986055,6.831798,,45.273613
2026.07.31-05.09.14:155,829,PL_SampleFPS,0.000000,0.000000,0.000000,47.288605,21.146744,14.393603,9.707568,20.693611,7.744628,,45.316239
2026.07.31-05.09.14:196,831,PL_SampleFPS,0.000000,0.000000,0.000000,48.875469,20.460161,12.391534,9.064160,20.001451,6.889531,,45.356780
2026.07.31-05.09.14:237,833,PL_SampleFPS,0.000000,0.000000,0.000000,47.485573,21.059029,14.408358,9.457389,20.837946,7.375776,,45.398302
2026.07.31-05.09.14:279,835,PL_SampleFPS,0.000000,0.000000,0.000000,48.943352,20.431784,11.920686,9.116761,20.466526,6.704143,,45.439900
2026.07.31-05.09.14:321,837,PL_SampleFPS,0.000000,0.000000,0.000000,48.386459,20.666939,12.415911,9.637005,20.719913,7.488677,,45.481885
2026.07.31-05.09.14:363,839,PL_SampleFPS,0.000000,0.000000,0.000000,46.652470,21.435093,14.469940,9.209777,20.402378,6.788177,,45.523630
2026.07.31-05.09.14:405,841,PL_SampleFPS,0.000000,0.000000,0.000000,47.268097,21.155918,14.915771,9.291886,20.679499,7.361022,,45.565804
2026.07.31-05.09.14:446,843,PL_SampleFPS,0.000000,0.000000,0.000000,49.217716,20.317886,12.827743,9.441352,20.430603,7.285326,,45.606971
2026.07.31-05.09.14:488,845,PL_SampleFPS,0.000000,0.000000,0.000000,47.519989,21.043776,14.260817,9.190532,20.694895,7.028092,,45.649004
2026.07.31-05.09.14:530,847,PL_SampleFPS,0.000000,0.000000,0.000000,46.754921,21.388123,16.125608,8.244344,20.444075,6.905569,,45.690579
2026.07.31-05.09.14:572,849,PL_SampleFPS,0.000000,0.000000,0.000000,49.334667,20.269722,12.302368,9.036576,20.933527,7.284044,,45.732954
2026.07.31-05.09.14:613,851,PL_SampleFPS,0.000000,0.000000,0.000000,48.631214,20.562925,12.153543,9.756962,19.996319,7.427094,,45.774237
2026.07.31-05.09.14:655,853,PL_SampleFPS,0.000000,0.000000,0.000000,47.439266,21.079584,14.088258,9.393883,20.720554,7.510487,,45.815912
2026.07.31-05.09.14:696,855,PL_SampleFPS,0.000000,0.000000,0.000000,49.116833,20.359619,12.236295,9.530519,20.166954,6.943416,,45.856831
2026.07.31-05.09.14:738,857,PL_SampleFPS,0.000000,0.000000,0.000000,47.550903,21.030094,14.598878,9.434937,20.823191,7.207707,,45.899016
2026.07.31-05.09.14:779,859,PL_SampleFPS,0.000000,0.000000,0.000000,49.567726,20.174417,12.387685,9.278416,20.205442,7.140993,,45.940066
2026.07.31-05.09.14:821,861,PL_SampleFPS,0.000000,0.000000,0.000000,49.868050,20.052919,12.004720,9.452257,20.311930,7.446339,,45.981531
2026.07.31-05.09.14:862,863,PL_SampleFPS,0.000000,0.000000,0.000000,47.135429,21.215464,15.259606,9.309207,20.282421,7.271214,,46.023085
2026.07.31-05.09.14:904,865,PL_SampleFPS,0.000000,0.000000,0.000000,49.846001,20.061790,12.088754,9.726812,20.498600,7.471357,,46.064847
2026.07.31-05.09.14:946,867,PL_SampleFPS,0.000000,0.000000,0.000000,47.562134,21.025129,14.448771,9.441994,20.474224,7.214763,,46.106779
2026.07.31-05.09.14:987,869,PL_SampleFPS,0.000000,0.000000,0.000000,47.389778,21.101597,14.417338,8.728664,20.199028,7.065298,,46.147675
2026.07.31-05.09.15:029,871,PL_SampleFPS,0.000000,0.000000,0.000000,49.422123,20.233854,12.333159,9.020539,20.526827,6.877985,,46.189750
2026.07.31-05.09.15:070,873,PL_SampleFPS,0.000000,0.000000,0.000000,48.936600,20.434603,11.768654,8.898016,20.459471,7.180765,,46.231171
2026.07.31-05.09.15:112,875,PL_SampleFPS,0.000000,0.000000,0.000000,46.490902,21.509584,14.761815,9.071857,20.429321,7.457244,,46.272645
2026.07.31-05.09.15:153,877,PL_SampleFPS,0.000000,0.000000,0.000000,47.068943,21.245432,14.455186,8.850546,20.338871,7.032582,,46.314288
2026.07.31-05.09.15:195,879,PL_SampleFPS,0.000000,0.000000,0.000000,48.593464,20.578899,12.113771,9.366299,20.132315,7.274421,,46.355575
2026.07.31-05.09.15:236,881,PL_SampleFPS,0.000000,0.000000,0.000000,47.829559,20.907574,14.239648,9.015408,20.111145,6.509773,,46.396645
2026.07.31-05.09.15:277,883,PL_SampleFPS,0.000000,0.000000,0.000000,47.574963,21.019459,15.278210,9.285472,20.375437,6.838854,,46.437974
2026.07.31-05.09.15:319,885,PL_SampleFPS,0.000000,0.000000,0.000000,47.080326,21.240295,16.402729,9.311772,20.370304,7.087108,,46.479518
2026.07.31-05.09.15:359,887,PL_SampleFPS,0.000000,0.000000,0.000000,49.918488,20.032658,11.709638,9.159100,20.347853,7.609917,,46.520382
2026.07.31-05.09.15:400,889,PL_SampleFPS,0.000000,0.000000,0.000000,47.974194,20.844540,13.729669,8.323247,20.134880,6.841420,,46.561188
2026.07.31-05.09.15:442,891,PL_SampleFPS,0.000000,0.000000,0.000000,47.897015,20.878128,14.680988,8.717759,20.569164,6.849118,,46.602727
2026.07.31-05.09.15:483,893,PL_SampleFPS,0.000000,0.000000,0.000000,49.120445,20.358122,11.873857,9.542706,20.276007,6.974849,,46.644164
2026.07.31-05.09.15:525,895,PL_SampleFPS,0.000000,0.000000,0.000000,48.791473,20.495384,11.655111,9.418900,20.356833,7.327023,,46.685631
2026.07.31-05.09.15:567,897,PL_SampleFPS,0.000000,0.000000,0.000000,47.012123,21.271109,14.882414,8.736362,20.556976,6.998583,,46.727499
2026.07.31-05.09.15:608,899,PL_SampleFPS,0.000000,0.000000,0.000000,47.669891,20.977602,14.338436,9.350262,20.745571,7.162162,,46.769428
2026.07.31-05.09.15:650,901,PL_SampleFPS,0.000000,0.000000,0.000000,48.843155,20.473698,12.277350,10.130947,20.537090,7.541920,,46.811329
2026.07.31-05.09.15:693,903,PL_SampleFPS,0.000000,0.000000,0.000000,48.022594,20.823532,12.447343,8.793454,20.861681,6.953038,,46.853657
2026.07.31-05.09.15:735,905,PL_SampleFPS,0.000000,0.000000,0.000000,47.940372,20.859245,12.474285,9.366299,20.621124,7.701649,,46.895965
2026.07.31-05.09.15:777,907,PL_SampleFPS,0.000000,0.000000,0.000000,45.872978,21.799326,14.824680,8.931373,20.578787,7.352682,,46.938252
2026.07.31-05.09.15:819,909,PL_SampleFPS,0.000000,0.000000,0.000000,48.703960,20.532211,12.101583,9.035934,20.624973,7.427094,,46.980073
2026.07.31-05.09.15:862,911,PL_SampleFPS,0.000000,0.000000,0.000000,46.570545,21.472799,14.077353,8.665157,20.712856,7.180123,,47.022545
2026.07.31-05.09.15:904,913,PL_SampleFPS,0.000000,0.000000,0.000000,46.440418,21.532967,14.421187,9.914125,20.868736,7.514977,,47.065479
2026.07.31-05.09.15:946,915,PL_SampleFPS,0.000000,0.000000,0.000000,48.472862,20.630100,12.311349,8.748550,20.417133,7.596446,,47.107007
2026.07.31-05.09.15:988,917,PL_SampleFPS,0.000000,0.000000,0.000000,47.979256,20.842340,12.331235,9.259171,20.412001,7.079411,,47.148904
2026.07.31-05.09.16:030,919,PL_SampleFPS,0.000000,0.000000,0.000000,48.303638,20.702374,12.218975,9.274567,20.573013,7.171784,,47.190924
2026.07.31-05.09.16:073,921,PL_SampleFPS,0.000000,0.000000,0.000000,47.991787,20.836899,12.079132,9.894239,21.195892,7.695234,,47.233615
2026.07.31-05.09.16:114,923,PL_SampleFPS,0.000000,0.000000,0.000000,47.307175,21.138443,12.077208,8.852470,20.386982,6.530301,,47.275414
2026.07.31-05.09.16:157,925,PL_SampleFPS,0.000000,0.000000,0.000000,48.335556,20.688704,11.940571,9.561951,21.149706,6.657314,,47.317593
2026.07.31-05.09.16:199,927,PL_SampleFPS,0.000000,0.000000,0.000000,47.473007,21.064602,12.261954,9.011559,20.227253,6.645126,,47.359535
2026.07.31-05.09.16:241,929,PL_SampleFPS,0.000000,0.000000,0.000000,48.451836,20.639053,11.852047,8.884544,21.276079,6.771498,,47.401730
2026.07.31-05.09.16:283,931,PL_SampleFPS,0.000000,0.000000,0.000000,47.634285,20.993282,12.505076,9.125101,20.599955,7.191029,,47.443925
2026.07.31-05.09.16:326,933,PL_SampleFPS,0.000000,0.000000,0.000000,46.323502,21.587315,14.492393,9.053255,21.198460,7.429660,,47.486571
2026.07.31-05.09.16:368,935,PL_SampleFPS,0.000000,0.000000,0.000000,48.285961,20.709953,12.477493,9.279698,20.950205,7.758741,,47.529086
2026.07.31-05.09.16:411,937,PL_SampleFPS,0.000000,0.000000,0.000000,47.619843,20.999649,11.842424,9.715907,20.701952,7.094164,,47.571818
2026.07.31-05.09.16:453,939,PL_SampleFPS,0.000000,0.000000,0.000000,46.204163,21.643072,14.530881,8.930090,21.017561,7.734365,,47.614077
2026.07.31-05.09.16:497,941,PL_SampleFPS,0.000000,0.000000,0.000000,47.431301,21.083124,12.557678,9.701795,21.064388,7.441848,,47.657545
2026.07.31-05.09.16:539,943,PL_SampleFPS,0.000000,0.000000,0.000000,47.243122,21.167103,11.915553,9.059669,21.279928,7.353324,,47.700406
2026.07.31-05.09.16:582,945,PL_SampleFPS,0.000000,0.000000,0.000000,46.695675,21.415260,12.467871,9.772999,20.463961,7.443773,,47.742892
2026.07.31-05.09.16:624,947,PL_SampleFPS,0.000000,0.000000,0.000000,47.883671,20.883945,11.878989,9.575422,21.142008,7.572070,,47.785027
2026.07.31-05.09.16:666,949,PL_SampleFPS,0.000000,0.000000,0.000000,45.811943,21.828369,14.807361,9.089178,20.513355,6.981264,,47.827082
2026.07.31-05.09.16:709,951,PL_SampleFPS,0.000000,0.000000,0.000000,47.675720,20.975037,12.211277,9.411202,21.201666,7.107635,,47.869607
2026.07.31-05.09.16:751,953,PL_SampleFPS,0.000000,0.000000,0.000000,47.290089,21.146080,12.562810,9.684474,20.659613,6.922247,,47.912024
2026.07.31-05.09.16:793,955,PL_SampleFPS,0.000000,0.000000,0.000000,48.089809,20.794426,12.066943,9.338715,20.743006,7.364229,,47.954037
2026.07.31-05.09.16:835,957,PL_SampleFPS,0.000000,0.000000,0.000000,47.387329,21.102688,12.259389,8.921751,20.675009,7.110201,,47.996292
2026.07.31-05.09.16:877,959,PL_SampleFPS,0.000000,0.000000,0.000000,48.141258,20.772203,12.149054,9.968652,20.658331,7.647765,,48.037951
2026.07.31-05.09.16:919,961,PL_SampleFPS,0.000000,0.000000,0.000000,47.977425,20.843136,12.512774,9.145628,20.701309,6.943416,,48.080055
2026.07.31-05.09.16:962,963,PL_SampleFPS,0.000000,0.000000,0.000000,45.174007,22.136623,16.600306,9.104573,20.802664,7.589390,,48.122709
2026.07.31-05.09.17:004,965,PL_SampleFPS,0.000000,0.000000,0.000000,48.489235,20.623135,12.111847,9.347695,20.655123,7.436717,,48.164819
2026.07.31-05.09.17:046,967,PL_SampleFPS,0.000000,0.000000,0.000000,48.480751,20.626743,12.049623,8.917260,20.735950,6.520037,,48.207431
2026.07.31-05.09.17:089,969,PL_SampleFPS,0.000000,0.000000,0.000000,48.233185,20.732615,12.536510,9.076348,20.806513,6.402646,,48.249775
2026.07.31-05.09.17:131,971,PL_SampleFPS,0.000000,0.000000,0.000000,45.902061,21.785515,14.990825,9.278416,20.635237,7.089033,,48.292346
2026.07.31-05.09.17:173,973,PL_SampleFPS,0.000000,0.000000,0.000000,45.787018,21.840252,14.929884,9.008992,20.739799,7.324457,,48.334420
2026.07.31-05.09.17:215,975,PL_SampleFPS,0.000000,0.000000,0.000000,48.556606,20.594521,11.707713,8.895450,20.667952,7.230801,,48.376242
2026.07.31-05.09.17:257,977,PL_SampleFPS,0.000000,0.000000,0.000000,47.719219,20.955917,11.823821,8.961522,20.630747,7.425170,,48.418428
2026.07.31-05.09.17:299,979,PL_SampleFPS,0.000000,0.000000,0.000000,47.791897,20.924049,12.161242,9.250190,20.339514,7.468149,,48.459982
2026.07.31-05.09.17:341,981,PL_SampleFPS,0.000000,0.000000,0.000000,48.211514,20.741934,12.048982,9.041066,20.483206,7.243630,,48.502001
2026.07.31-05.09.17:382,983,PL_SampleFPS,0.000000,0.000000,0.000000,47.188995,21.191381,14.222327,8.448977,20.340155,6.696445,,48.543349
2026.07.31-05.09.17:424,985,PL_SampleFPS,0.000000,0.000000,0.000000,49.242237,20.307770,12.481983,9.323960,20.383133,7.229517,,48.584581
2026.07.31-05.09.17:465,987,PL_SampleFPS,0.000000,0.000000,0.000000,48.807552,20.488632,11.705147,9.035294,20.408792,7.366795,,48.626234
2026.07.31-05.09.17:507,989,PL_SampleFPS,0.000000,0.000000,0.000000,48.402954,20.659897,11.879630,9.079556,20.565956,7.046053,,48.668192
2026.07.31-05.09.17:549,991,PL_SampleFPS,0.000000,0.000000,0.000000,48.150555,20.768192,11.986116,9.628024,20.518486,7.459810,,48.710157
2026.07.31-05.09.17:591,993,PL_SampleFPS,0.000000,0.000000,0.000000,47.997734,20.834316,13.562882,8.847980,20.796249,6.792667,,48.752182
2026.07.31-05.09.17:633,995,PL_SampleFPS,0.000000,0.000000,0.000000,46.063763,21.709038,14.738722,9.245058,20.567240,7.072354,,48.794176
2026.07.31-05.09.17:676,997,PL_SampleFPS,0.000000,0.000000,0.000000,47.734684,20.949127,12.316481,9.721039,21.233740,7.646482,,48.837097
2026.07.31-05.09.17:719,999,PL_SampleFPS,0.000000,0.000000,0.000000,45.693436,21.884981,14.638650,8.586255,20.909151,6.495019,,48.879726
2026.07.31-05.09.19:609,101,PL_SampleFPS,0.000000,0.000000,0.000000,59.681973,16.755478,13.804080,10.796806,15.895316,7.321249,,50.770267
2026.07.31-05.09.19:659,104,PL_SampleFPS,0.000000,0.000000,0.000000,59.304352,16.862169,13.297309,9.538216,15.968446,6.822176,,50.820137
2026.07.31-05.09.19:709,107,PL_SampleFPS,0.000000,0.000000,0.000000,60.881737,16.425287,11.693601,10.552402,15.853620,7.288534,,50.870178
2026.07.31-05.09.19:743,109,PL_SampleFPS,0.000000,0.000000,0.000000,60.293453,16.585548,11.852047,11.173999,16.078138,6.983188,,50.903751
2026.07.31-05.09.19:793,112,PL_SampleFPS,0.000000,0.000000,0.000000,57.860577,17.282925,14.052335,9.812129,15.811923,6.846552,,50.953717
2026.07.31-05.09.19:843,115,PL_SampleFPS,0.000000,0.000000,0.000000,60.024464,16.659874,13.148484,9.698586,16.071724,7.062090,,51.004052
2026.07.31-05.09.19:893,118,PL_SampleFPS,0.000000,0.000000,0.000000,61.478188,16.265932,11.372217,10.678132,16.139721,7.763232,,51.053675
2026.07.31-05.09.19:926,120,PL_SampleFPS,0.000000,0.000000,0.000000,58.219238,17.176453,13.687972,9.649835,16.040291,6.852967,,51.086887
2026.07.31-05.09.19:960,122,PL_SampleFPS,0.000000,0.000000,0.000000,57.808964,17.298355,14.913205,10.846201,16.080706,6.956887,,51.120792
2026.07.31-05.09.20:010,125,PL_SampleFPS,0.000000,0.000000,0.000000,60.993069,16.395306,11.239430,9.681267,16.548988,7.223103,,51.171130
2026.07.31-05.09.20:044,127,PL_SampleFPS,0.000000,0.000000,0.000000,58.402161,17.122654,13.878492,10.634511,16.647135,7.001149,,51.205174
2026.07.31-05.09.20:078,129,PL_SampleFPS,0.000000,0.000000,0.000000,58.580574,17.070505,13.568014,10.478631,16.495745,7.110201,,51.239027
2026.07.31-05.09.20:129,132,PL_SampleFPS,0.000000,0.000000,0.000000,60.566021,16.510908,11.422894,10.502366,16.778639,7.409774,,51.290172
2026.07.31-05.09.20:163,134,PL_SampleFPS,0.000000,0.000000,0.000000,57.885670,17.275433,14.041430,10.474140,16.384127,7.176916,,51.323557
2026.07.31-05.09.20:213,137,PL_SampleFPS,0.000000,0.000000,0.000000,60.411846,16.553045,11.246487,9.549763,16.470085,6.869645,,51.373592
2026.07.31-05.09.20:246,139,PL_SampleFPS,0.000000,0.000000,0.000000,58.744122,17.022980,14.498165,10.265658,16.411068,7.336645,,51.407009
2026.07.31-05.09.20:297,142,PL_SampleFPS,0.000000,0.000000,0.000000,58.800598,17.006630,13.355042,10.354824,16.536158,7.222461,,51.457545
2026.07.31-05.09.20:347,145,PL_SampleFPS,0.000000,0.000000,0.000000,59.417713,16.829998,11.901441,9.955822,16.470085,7.071712,,51.508417
2026.07.31-05.09.20:381,147,PL_SampleFPS,0.000000,0.000000,0.000000,59.691746,16.752735,12.350479,10.374069,16.325109,7.120465,,51.541623
2026.07.31-05.09.20:415,149,PL_SampleFPS,0.000000,0.000000,0.000000,58.245964,17.168571,13.632805,9.258530,16.601589,6.505283,,51.575605
2026.07.31-05.09.20:449,151,PL_SampleFPS,0.000000,0.000000,0.000000,58.527351,17.086029,14.049768,9.864731,16.708717,7.247479,,51.609730
2026.07.31-05.09.20:500,154,PL_SampleFPS,0.000000,0.000000,0.000000,60.098602,16.639322,11.753900,11.385047,16.769657,7.026167,,51.660894
2026.07.31-05.09.20:534,156,PL_SampleFPS,0.000000,0.000000,0.000000,57.786625,17.305042,12.507643,11.609566,16.125608,7.664443,,51.694558
2026.07.31-05.09.20:582,159,PL_SampleFPS,0.000000,0.000000,0.000000,58.995495,16.950447,14.013204,9.345771,15.719550,6.704784,,51.743005
2026.07.31-05.09.20:630,162,PL_SampleFPS,0.000000,0.000000,0.000000,62.046680,16.116898,11.569794,10.309279,15.797170,6.722104,,51.791173
2026.07.31-05.09.20:679,165,PL_SampleFPS,0.000000,0.000000,0.000000,61.773499,16.188171,12.201014,10.622323,15.745851,7.357814,,51.839705
2026.07.31-05.09.20:727,168,PL_SampleFPS,0.000000,0.000000,0.000000,62.326164,16.044626,11.428668,10.616549,15.877355,7.814550,,51.888343
2026.07.31-05.09.20:760,170,PL_SampleFPS,0.000000,0.000000,0.000000,59.723473,16.743835,13.573147,10.055252,15.464881,6.854249,,51.921234
2026.07.31-05.09.20:794,172,PL_SampleFPS,0.000000,0.000000,0.000000,59.171318,16.900080,13.826532,9.968652,15.223683,6.841420,,51.954490
2026.07.31-05.09.20:844,175,PL_SampleFPS,0.000000,0.000000,0.000000,58.880898,16.983437,13.705292,9.543348,15.607290,6.826025,,52.004976
2026.07.31-05.09.20:877,177,PL_SampleFPS,0.000000,0.000000,0.000000,59.385860,16.839025,13.458321,9.501010,15.592536,6.668220,,52.038430
2026.07.31-05.09.20:927,180,PL_SampleFPS,0.000000,0.000000,0.000000,60.738213,16.464100,11.457535,11.105360,15.487974,7.806211,,52.088020
2026.07.31-05.09.20:960,182,PL_SampleFPS,0.000000,0.000000,0.000000,59.566093,16.788074,12.199089,10.465801,15.359036,6.867721,,52.121331
2026.07.31-05.09.20:994,184,PL_SampleFPS,0.000000,0.000000,0.000000,58.237503,17.171066,13.917623,9.420183,15.210212,6.707992,,52.154595
2026.07.31-05.09.21:044,187,PL_SampleFPS,0.000000,0.000000,0.000000,61.292213,16.315287,11.290107,10.167511,15.830526,7.669575,,52.205116
2026.07.31-05.09.21:077,189,PL_SampleFPS,0.000000,0.000000,0.000000,58.936817,16.967323,12.801442,10.285544,15.534802,7.455961,,52.238371
2026.07.31-05.09.21:127,192,PL_SampleFPS,0.000000,0.000000,0.000000,60.087952,16.642271,11.604434,10.913556,15.493748,6.921606,,52.288261
2026.07.31-05.09.21:161,194,PL_SampleFPS,0.000000,0.000000,0.000000,60.613972,16.497847,11.474213,11.124604,15.421260,7.633010,,52.321564
2026.07.31-05.09.21:194,196,PL_SampleFPS,0.000000,0.000000,0.000000,60.496449,16.529896,11.161169,10.719829,15.544425,7.572070,,52.355036
2026.07.31-05.09.21:228,198,PL_SampleFPS,0.000000,0.000000,0.000000,58.145233,17.198315,13.249839,10.402936,15.484125,7.509846,,52.388505
2026.07.31-05.09.21:278,201,PL_SampleFPS,0.000000,0.000000,0.000000,60.612682,16.498198,11.771861,10.851974,15.858110,7.096089,,52.438848
2026.07.31-05.09.21:311,203,PL_SampleFPS,0.000000,0.000000,0.000000,59.958851,16.678104,12.009851,10.615909,15.736870,7.560523,,52.472158
2026.07.31-05.09.21:361,206,PL_SampleFPS,0.000000,0.000000,0.000000,58.394169,17.124998,13.422398,9.862165,15.460390,6.645768,,52.521941
2026.07.31-05.09.21:411,209,PL_SampleFPS,0.000000,0.000000,0.000000,60.952339,16.406261,11.574925,10.454254,15.846563,7.458527,,52.571720
2026.07.31-05.09.21:444,211,PL_SampleFPS,0.000000,0.000000,0.000000,60.876434,16.426718,11.288182,10.001367,15.926749,6.675917,,52.605338
2026.07.31-05.09.21:494,214,PL_SampleFPS,0.000000,0.000000,0.000000,60.254108,16.596378,11.835368,10.165586,15.820904,6.833722,,52.655229
2026.07.31-05.09.21:528,216,PL_SampleFPS,0.000000,0.000000,0.000000,59.876736,16.700977,11.942495,9.998801,15.758680,6.665654,,52.688593
2026.07.31-05.09.21:561,218,PL_SampleFPS,0.000000,0.000000,0.000000,60.153591,16.624111,11.812916,9.992386,15.835017,6.935718,,52.721931
2026.07.31-05.09.21:594,220,PL_SampleFPS,0.000000,0.000000,0.000000,59.954041,16.679443,11.478703,9.519613,15.928032,7.300081,,52.755162
2026.07.31-05.09.21:628,222,PL_SampleFPS,0.000000,0.000000,0.000000,57.652191,17.345394,13.923396,9.828808,15.892751,6.740707,,52.788791
2026.07.31-05.09.21:661,224,PL_SampleFPS,0.000000,0.000000,0.000000,58.638016,17.053783,13.483338,9.416334,16.269943,6.800365,,52.822131
2026.07.31-05.09.21:711,227,PL_SampleFPS,0.000000,0.000000,0.000000,61.367130,16.295368,11.646131,10.966158,16.474575,7.325740,,52.872291
2026.07.31-05.09.21:744,229,PL_SampleFPS,0.000000,0.000000,0.000000,60.627396,16.494194,11.291390,9.882051,16.260321,6.728519,,52.905329
2026.07.31-05.09.21:778,231,PL_SampleFPS,0.000000,0.000000,0.000000,58.047386,17.227304,13.745706,9.282265,16.127533,6.521320,,52.938829
2026.07.31-05.09.21:828,234,PL_SampleFPS,0.000000,0.000000,0.000000,60.791935,16.449551,11.110492,9.647910,16.001162,6.865797,,52.988835
2026.07.31-05.09.21:861,236,PL_SampleFPS,0.000000,0.000000,0.000000,59.622837,16.772097,11.651262,10.605003,16.021688,7.430302,,53.022407
2026.07.31-05.09.21:912,239,PL_SampleFPS,0.000000,0.000000,0.000000,57.312214,17.448288,14.094672,9.576063,15.934446,6.883758,,53.072695
2026.07.31-05.09.21:961,242,PL_SampleFPS,0.000000,0.000000,0.000000,60.092979,16.640879,11.435724,10.404860,16.002443,7.609276,,53.122397
2026.07.31-05.09.21:995,244,PL_SampleFPS,0.000000,0.000000,0.000000,58.719330,17.030167,12.726388,10.229735,16.021048,7.179482,,53.155673
2026.07.31-05.09.22:045,247,PL_SampleFPS,0.000000,0.000000,0.000000,60.956734,16.405079,11.686543,9.902578,16.132666,6.571355,,53.206142
2026.07.31-05.09.22:079,249,PL_SampleFPS,0.000000,0.000000,0.000000,61.074188,16.373529,11.586473,10.975139,16.480349,7.125597,,53.239685
2026.07.31-05.09.22:112,251,PL_SampleFPS,0.000000,0.000000,0.000000,60.293858,16.585438,11.751333,10.143776,16.527178,7.177557,,53.273306
2026.07.31-05.09.22:147,253,PL_SampleFPS,0.000000,0.000000,0.000000,57.926357,17.263298,12.829667,10.052044,16.882559,6.540565,,53.307815
2026.07.31-05.09.22:181,255,PL_SampleFPS,0.000000,0.000000,0.000000,57.283001,17.457186,13.759818,10.542779,16.488047,7.520751,,53.341657
2026.07.31-05.09.22:215,257,PL_SampleFPS,0.000000,0.000000,0.000000,57.454544,17.405064,13.899020,9.761453,16.196814,6.836930,,53.375506
2026.07.31-05.09.22:248,259,PL_SampleFPS,0.000000,0.000000,0.000000,58.101822,17.211164,13.855399,10.334938,16.428389,7.289817,,53.408839
2026.07.31-05.09.22:282,261,PL_SampleFPS,0.000000,0.000000,0.000000,57.881977,17.276535,13.802156,10.399728,16.209002,7.334079,,53.442941
2026.07.31-05.09.22:332,264,PL_SampleFPS,0.000000,0.000000,0.000000,57.512466,17.387535,13.804722,10.238074,16.403372,9.159740,,53.492824
2026.07.31-05.09.22:383,267,PL_SampleFPS,0.000000,0.000000,0.000000,60.652439,16.487383,11.510136,10.767940,16.189116,7.480338,,53.543540
2026.07.31-05.09.22:416,269,PL_SampleFPS,0.000000,0.000000,0.000000,60.996880,16.394281,11.522965,10.106570,16.321903,7.160237,,53.576666
2026.07.31-05.09.22:449,271,PL_SampleFPS,0.000000,0.000000,0.000000,60.375149,16.563107,11.664734,10.310562,16.498953,6.876702,,53.610381
2026.07.31-05.09.22:483,273,PL_SampleFPS,0.000000,0.000000,0.000000,59.078579,16.926609,12.959888,9.692814,16.298809,7.112126,,53.643538
2026.07.31-05.09.22:533,276,PL_SampleFPS,0.000000,0.000000,0.000000,59.534863,16.796881,12.120187,10.745488,16.422615,7.629162,,53.694364
2026.07.31-05.09.22:567,278,PL_SampleFPS,0.000000,0.000000,0.000000,58.481770,17.099346,13.682199,10.196378,16.468801,6.730443,,53.728225
2026.07.31-05.09.22:618,281,PL_SampleFPS,0.000000,0.000000,0.000000,60.237999,16.600817,11.752617,10.111061,16.687548,6.500793,,53.778621
2026.07.31-05.09.22:651,283,PL_SampleFPS,0.000000,0.000000,0.000000,60.343384,16.571825,11.242638,9.489464,16.632381,6.674634,,53.812474
2026.07.31-05.09.22:685,285,PL_SampleFPS,0.000000,0.000000,0.000000,60.245171,16.598841,11.782766,10.576137,16.644569,7.439282,,53.846364
2026.07.31-05.09.22:719,287,PL_SampleFPS,0.000000,0.000000,0.000000,59.708820,16.747944,11.581341,10.195095,16.845352,7.271855,,53.880395
2026.07.31-05.09.22:754,289,PL_SampleFPS,0.000000,0.000000,0.000000,59.560463,16.789661,11.588397,12.028455,16.726038,6.987678,,53.914750
2026.07.31-05.09.22:788,291,PL_SampleFPS,0.000000,0.000000,0.000000,55.557945,17.999226,15.690042,10.492102,16.285337,6.966509,,53.948769
2026.07.31-05.09.22:837,294,PL_SampleFPS,0.000000,0.000000,0.000000,58.680634,17.041397,13.751479,9.539499,16.073008,6.738141,,53.997604
2026.07.31-05.09.22:887,297,PL_SampleFPS,0.000000,0.000000,0.000000,61.056320,16.378321,11.310635,11.086757,16.171154,6.990886,,54.047695
2026.07.31-05.09.22:920,299,PL_SampleFPS,0.000000,0.000000,0.000000,60.866589,16.429375,11.800728,11.281126,16.265451,7.724742,,54.080644
2026.07.31-05.09.22:969,302,PL_SampleFPS,0.000000,0.000000,0.000000,58.704868,17.034363,13.585335,9.681909,16.065310,6.680408,,54.130019
2026.07.31-05.09.23:019,305,PL_SampleFPS,0.000000,0.000000,0.000000,60.948193,16.407377,11.370293,10.463235,16.688831,6.359666,,54.180157
2026.07.31-05.09.23:052,307,PL_SampleFPS,0.000000,0.000000,0.000000,60.434811,16.546755,11.522965,10.692886,16.261602,7.054392,,54.213386
2026.07.31-05.09.23:086,309,PL_SampleFPS,0.000000,0.000000,0.000000,59.896362,16.695505,11.832802,10.605003,16.201944,7.196160,,54.246764
2026.07.31-05.09.23:136,312,PL_SampleFPS,0.000000,0.000000,0.000000,59.825191,16.715366,11.841142,10.409992,16.284056,7.127522,,54.296930
2026.07.31-05.09.23:187,315,PL_SampleFPS,0.000000,0.000000,0.000000,55.950085,17.873074,15.241003,9.619043,16.666380,6.896588,,54.347761
2026.07.31-05.09.23:237,318,PL_SampleFPS,0.000000,0.000000,0.000000,60.592697,16.503639,11.762239,11.156678,16.348204,7.206424,,54.397596
2026.07.31-05.09.23:270,320,PL_SampleFPS,0.000000,0.000000,0.000000,57.494438,17.392986,13.634728,9.774923,16.384768,6.827949,,54.431319
2026.07.31-05.09.23:321,323,PL_SampleFPS,0.000000,0.000000,0.000000,59.508583,16.804298,11.969438,9.777490,16.591326,6.944057,,54.481698
2026.07.31-05.09.23:355,325,PL_SampleFPS,0.000000,0.000000,0.000000,58.166576,17.192003,12.884835,9.810205,16.417484,6.882475,,54.515554
2026.07.31-05.09.23:388,327,PL_SampleFPS,0.000000,0.000000,0.000000,57.996773,17.242338,13.997167,10.016121,16.341146,7.404001,,54.548899
2026.07.31-05.09.23:438,330,PL_SampleFPS,0.000000,0.000000,0.000000,58.356087,17.136173,13.914415,10.606286,16.353977,6.894663,,54.599316
2026.07.31-05.09.23:472,332,PL_SampleFPS,0.000000,0.000000,0.000000,56.870697,17.583748,15.693891,9.654966,16.378353,6.907493,,54.632878
2026.07.31-05.09.23:522,335,PL_SampleFPS,0.000000,0.000000,0.000000,61.954590,16.140854,11.675638,11.312559,16.452124,7.666368,,54.683334
2026.07.31-05.09.23:555,337,PL_SampleFPS,0.000000,0.000000,0.000000,59.552742,16.791838,13.385192,9.693455,16.253906,6.911983,,54.716182
2026.07.31-05.09.23:605,340,PL_SampleFPS,0.000000,0.000000,0.000000,59.625706,16.771290,13.353759,9.285472,16.307791,6.570714,,54.765502
2026.07.31-05.09.23:654,343,PL_SampleFPS,0.000000,0.000000,0.000000,62.589130,15.977215,10.902010,10.034724,16.145494,7.002432,,54.814892
2026.07.31-05.09.23:687,345,PL_SampleFPS,0.000000,0.000000,0.000000,61.825520,16.174551,11.759031,10.369578,16.627890,7.918470,,54.848480
2026.07.31-05.09.23:722,347,PL_SampleFPS,0.000000,0.000000,0.000000,58.756359,17.019434,13.584693,9.850618,16.590685,7.287892,,54.882497
2026.07.31-05.09.23:771,350,PL_SampleFPS,0.000000,0.000000,0.000000,60.567078,16.510620,11.274070,9.620326,16.032593,6.479623,,54.932168
2026.07.31-05.09.23:804,352,PL_SampleFPS,0.000000,0.000000,0.000000,58.502323,17.093338,14.065165,10.190604,16.159607,7.290458,,54.965414
2026.07.31-05.09.23:854,355,PL_SampleFPS,0.000000,0.000000,0.000000,61.324192,16.306778,11.811633,11.235581,16.294960,7.618898,,55.015274
2026.07.31-05.09.23:888,357,PL_SampleFPS,0.000000,0.000000,0.000000,60.611126,16.498621,11.385688,10.611418,16.201303,7.171143,,55.049007
2026.07.31-05.09.23:922,359,PL_SampleFPS,0.000000,0.000000,0.000000,60.619850,16.496246,11.291390,10.708282,16.449558,7.704215,,55.082782
2026.07.31-05.09.23:955,361,PL_SampleFPS,0.000000,0.000000,0.000000,59.970409,16.674891,11.654469,10.257318,16.336016,6.831156,,55.116355
2026.07.31-05.09.24:005,364,PL_SampleFPS,0.000000,0.000000,0.000000,57.678082,17.337608,13.752120,10.872501,16.176287,7.355890,,55.166074
2026.07.31-05.09.24:056,367,PL_SampleFPS,0.000000,0.000000,0.000000,58.931152,16.968954,14.094672,10.454254,16.455332,7.029375,,55.216553
2026.07.31-05.09.24:106,370,PL_SampleFPS,0.000000,0.000000,0.000000,58.300720,17.152447,13.671293,9.730661,16.478424,6.512980,,55.266909
2026.07.31-05.09.24:157,373,PL_SampleFPS,0.000000,0.000000,0.000000,58.438713,17.111944,13.628956,10.098231,16.830599,7.199368,,55.317561
2026.07.31-05.09.24:191,375,PL_SampleFPS,0.000000,0.000000,0.000000,58.582504,17.069942,13.559033,10.122607,16.421333,6.838854,,55.351550
2026.07.31-05.09.24:224,377,PL_SampleFPS,0.000000,0.000000,0.000000,58.614315,17.060678,14.229383,9.738358,16.754904,6.824100,,55.385383
2026.07.31-05.09.24:276,380,PL_SampleFPS,0.000000,0.000000,0.000000,57.772068,17.309402,13.967017,10.925103,16.860107,7.965299,,55.436846
2026.07.31-05.09.24:326,383,PL_SampleFPS,0.000000,0.000000,0.000000,60.249153,16.597744,11.624320,11.825105,15.958823,8.184687,,55.487231
2026.07.31-05.09.24:359,385,PL_SampleFPS,0.000000,0.000000,0.000000,59.883610,16.699060,11.497948,11.410706,16.226963,6.932511,,55.520386
2026.07.31-05.09.24:392,387,PL_SampleFPS,0.000000,0.000000,0.000000,58.919575,16.972288,13.745064,10.493384,15.868374,7.619539,,55.553102
2026.07.31-05.09.24:441,390,PL_SampleFPS,0.000000,0.000000,0.000000,59.196133,16.892996,13.767516,10.658246,15.631666,7.561806,,55.602034
2026.07.31-05.09.24:490,393,PL_SampleFPS,0.000000,0.000000,0.000000,60.075890,16.645613,13.897737,10.097589,16.002443,7.643274,,55.650943
2026.07.31-05.09.24:539,396,PL_SampleFPS,0.000000,0.000000,0.000000,63.260635,15.807619,11.315125,9.824959,15.875430,6.928662,,55.699601
2026.07.31-05.09.24:587,399,PL_SampleFPS,0.000000,0.000000,0.000000,60.509281,16.526390,13.499376,9.238644,16.006935,6.532866,,55.748368
2026.07.31-05.09.24:636,402,PL_SampleFPS,0.000000,0.000000,0.000000,62.357410,16.036587,11.504363,10.146342,15.915844,6.507849,,55.797031
2026.07.31-05.09.24:669,404,PL_SampleFPS,0.000000,0.000000,0.000000,61.465557,16.269274,11.504363,11.012986,16.000519,7.421962,,55.829992
2026.07.31-05.09.24:718,407,PL_SampleFPS,0.000000,0.000000,0.000000,61.742619,16.196268,11.113058,10.438217,16.166664,6.845269,,55.879358
2026.07.31-05.09.24:751,409,PL_SampleFPS,0.000000,0.000000,0.000000,60.846512,16.434795,11.857179,9.792885,16.215416,6.988961,,55.912421
2026.07.31-05.09.24:784,411,PL_SampleFPS,0.000000,0.000000,0.000000,60.647663,16.488682,12.149054,11.138717,16.062744,7.171143,,55.944944
2026.07.31-05.09.24:817,413,PL_SampleFPS,0.000000,0.000000,0.000000,59.081749,16.925701,13.555185,9.642777,16.031952,6.477699,,55.977972
2026.07.31-05.09.24:867,416,PL_SampleFPS,0.000000,0.000000,0.000000,61.214409,16.336023,11.551832,10.261168,16.370014,7.760666,,56.027699
2026.07.31-05.09.24:900,418,PL_SampleFPS,0.000000,0.000000,0.000000,60.817200,16.442717,11.489609,10.176492,16.355259,6.911983,,56.061188
2026.07.31-05.09.24:933,420,PL_SampleFPS,0.000000,0.000000,0.000000,58.773010,17.014612,12.968227,9.381694,16.343714,7.119182,,56.094433
2026.07.31-05.09.24:983,423,PL_SampleFPS,0.000000,0.000000,0.000000,60.567783,16.510427,12.063094,10.272073,16.158325,7.140351,,56.143739
2026.07.31-05.09.25:033,426,PL_SampleFPS,0.000000,0.000000,0.000000,60.690193,16.477127,11.442139,10.682622,16.180777,6.480265,,56.193771
2026.07.31-05.09.25:066,428,PL_SampleFPS,0.000000,0.000000,0.000000,58.703445,17.034775,13.626390,10.015480,16.288546,7.096089,,56.227236
2026.07.31-05.09.25:115,431,PL_SampleFPS,0.000000,0.000000,0.000000,60.865627,16.429634,11.339501,9.988538,16.162174,6.690671,,56.276405
2026.07.31-05.09.25:149,433,PL_SampleFPS,0.000000,0.000000,0.000000,59.000771,16.948931,13.701443,9.207211,16.172438,6.863872,,56.309534
2026.07.31-05.09.25:198,436,PL_SampleFPS,0.000000,0.000000,0.000000,61.599926,16.233786,10.990535,9.583120,15.678494,6.618825,,56.358805
2026.07.31-05.09.25:232,438,PL_SampleFPS,0.000000,0.000000,0.000000,59.954075,16.679434,11.705789,11.161169,15.768944,6.709274,,56.392539
2026.07.31-05.09.25:282,441,PL_SampleFPS,0.000000,0.000000,0.000000,60.757061,16.458992,11.517834,9.232228,16.947350,6.657314,,56.442825
2026.07.31-05.09.25:316,443,PL_SampleFPS,0.000000,0.000000,0.000000,59.637589,16.767948,11.555039,10.961026,16.711924,7.255177,,56.477006
2026.07.31-05.09.25:350,445,PL_SampleFPS,0.000000,0.000000,0.000000,59.599258,16.778732,11.916195,10.556251,16.173079,7.316118,,56.510656
2026.07.31-05.09.25:399,448,PL_SampleFPS,0.000000,0.000000,0.000000,60.295284,16.585045,11.893743,10.569079,16.087761,7.244272,,56.559979
2026.07.31-05.09.25:432,450,PL_SampleFPS,0.000000,0.000000,0.000000,60.803932,16.446304,11.209280,9.949407,16.258396,6.773423,,56.593340
2026.07.31-05.09.25:466,452,PL_SampleFPS,0.000000,0.000000,0.000000,57.788715,17.304417,14.414773,9.785187,16.387976,6.962019,,56.627011
2026.07.31-05.09.25:515,455,PL_SampleFPS,0.000000,0.000000,0.000000,59.132923,16.911053,13.399304,9.164873,15.672722,6.730443,,56.676232
2026.07.31-05.09.25:565,458,PL_SampleFPS,0.000000,0.000000,0.000000,61.442413,16.275402,11.297805,10.596663,15.907504,7.865869,,56.725759
2026.07.31-05.09.25:598,460,PL_SampleFPS,0.000000,0.000000,0.000000,59.135418,16.910339,13.528243,9.255963,15.312208,6.913266,,56.759184
2026.07.31-05.09.25:649,463,PL_SampleFPS,0.000000,0.000000,0.000000,61.540592,16.249437,11.212487,10.177134,15.483484,7.171784,,56.809534
2026.07.31-05.09.25:682,465,PL_SampleFPS,0.000000,0.000000,0.000000,60.744587,16.462372,11.612773,9.554254,15.688117,6.707350,,56.842899
2026.07.31-05.09.25:717,467,PL_SampleFPS,0.000000,0.000000,0.000000,55.395531,18.051998,18.205938,10.586400,15.571367,7.414906,,56.878152
2026.07.31-05.09.25:765,470,PL_SampleFPS,0.000000,0.000000,0.000000,61.846645,16.169025,11.122680,9.681267,15.951125,6.480906,,56.926060
2026.07.31-05.09.25:799,472,PL_SampleFPS,0.000000,0.000000,0.000000,58.661228,17.047035,13.625748,9.817262,15.573933,6.919040,,56.959481
2026.07.31-05.09.25:848,475,PL_SampleFPS,0.000000,0.000000,0.000000,61.515011,16.256195,10.986044,10.295808,15.812565,7.192953,,57.009479
2026.07.31-05.09.25:882,477,PL_SampleFPS,0.000000,0.000000,0.000000,60.930725,16.412081,11.188111,9.645344,15.514276,6.990244,,57.042863
2026.07.31-05.09.25:915,479,PL_SampleFPS,0.000000,0.000000,0.000000,58.714111,17.031681,13.870794,9.200796,15.756114,6.797158,,57.076366
2026.07.31-05.09.25:949,481,PL_SampleFPS,0.000000,0.000000,0.000000,59.153133,16.905275,13.694386,10.036007,16.029387,6.747122,,57.109795
2026.07.31-05.09.25:982,483,PL_SampleFPS,0.000000,0.000000,0.000000,59.828617,16.714409,12.877778,9.726171,15.872223,7.355890,,57.142981
2026.07.31-05.09.26:032,486,PL_SampleFPS,0.000000,0.000000,0.000000,59.425419,16.827816,13.834871,10.143135,15.985124,7.132654,,57.193276
2026.07.31-05.09.26:066,488,PL_SampleFPS,0.000000,0.000000,0.000000,59.645447,16.765739,13.729027,9.481766,16.293036,7.725384,,57.226707
2026.07.31-05.09.26:116,491,PL_SampleFPS,0.000000,0.000000,0.000000,59.671623,16.758385,13.281272,9.704360,16.045424,7.330872,,57.276520
2026.07.31-05.09.26:149,493,PL_SampleFPS,0.000000,0.000000,0.000000,59.474831,16.813835,13.170937,9.581196,15.628459,6.929945,,57.310382
2026.07.31-05.09.26:182,495,PL_SampleFPS,0.000000,0.000000,0.000000,60.112164,16.635569,13.063808,10.399087,15.611780,7.320608,,57.343253
2026.07.31-05.09.26:234,498,PL_SampleFPS,0.000000,0.000000,0.000000,56.595978,17.669100,16.629814,9.566442,15.783056,6.536716,,57.394516
2026.07.31-05.09.26:283,501,PL_SampleFPS,0.000000,0.000000,0.000000,58.617584,17.059727,14.140218,9.216191,15.511709,6.989603,,57.443757
2026.07.31-05.09.26:316,503,PL_SampleFPS,0.000000,0.000000,0.000000,58.963619,16.959610,13.821401,10.019329,15.709286,6.974849,,57.476891
2026.07.31-05.09.26:366,506,PL_SampleFPS,0.000000,0.000000,0.000000,58.968807,16.958118,13.104863,9.339997,16.087761,6.777913,,57.526761
2026.07.31-05.09.26:416,509,PL_SampleFPS,0.000000,0.000000,0.000000,59.546867,16.793495,13.643709,9.882051,15.933164,7.077486,,57.577221
2026.07.31-05.09.26:450,511,PL_SampleFPS,0.000000,0.000000,0.000000,59.298515,16.863829,13.127957,9.478559,16.078138,6.640636,,57.610943
2026.07.31-05.09.26:499,514,PL_SampleFPS,0.000000,0.000000,0.000000,60.307083,16.581800,11.433800,10.275281,15.776642,7.339853,,57.660305
2026.07.31-05.09.26:534,516,PL_SampleFPS,0.000000,0.000000,0.000000,60.935055,16.410915,11.469081,10.656322,16.822901,7.149332,,57.694538
2026.07.31-05.09.26:567,518,PL_SampleFPS,0.000000,0.000000,0.000000,57.948780,17.256618,13.598805,9.962236,16.015274,6.851684,,57.727775
2026.07.31-05.09.26:617,521,PL_SampleFPS,0.000000,0.000000,0.000000,59.147686,16.906832,13.354401,9.243134,16.251339,6.864513,,57.777550
2026.07.31-05.09.26:666,524,PL_SampleFPS,0.000000,0.000000,0.000000,60.221561,16.605349,11.431233,10.409350,15.874147,7.182689,,57.826999
2026.07.31-05.09.26:716,527,PL_SampleFPS,0.000000,0.000000,0.000000,60.655556,16.486536,11.265731,9.318829,15.824112,6.849759,,57.877440
2026.07.31-05.09.26:750,529,PL_SampleFPS,0.000000,0.000000,0.000000,60.215866,16.606918,11.191319,10.621681,16.017199,6.799082,,57.910960
2026.07.31-05.09.26:800,532,PL_SampleFPS,0.000000,0.000000,0.000000,57.081738,17.518738,14.177423,9.871787,15.587404,7.335362,,57.960620
2026.07.31-05.09.26:850,535,PL_SampleFPS,0.000000,0.000000,0.000000,60.878780,16.426085,11.988041,10.606286,16.719622,7.321891,,58.010808
2026.07.31-05.09.26:884,537,PL_SampleFPS,0.000000,0.000000,0.000000,60.708084,16.472271,11.284975,9.975066,16.982630,7.443773,,58.044624
2026.07.31-05.09.26:918,539,PL_SampleFPS,0.000000,0.000000,0.000000,59.871429,16.702457,10.814768,10.055893,16.730528,7.194236,,58.078584
2026.07.31-05.09.26:952,541,PL_SampleFPS,0.000000,0.000000,0.000000,59.101795,16.919960,11.019402,9.919899,16.642645,6.599581,,58.112898
2026.07.31-05.09.26:987,543,PL_SampleFPS,0.000000,0.000000,0.000000,58.313675,17.148636,11.429951,9.506783,16.791468,6.958170,,58.147539
2026.07.31-05.09.27:020,545,PL_SampleFPS,0.000000,0.000000,0.000000,59.430866,16.826273,11.663450,10.046271,16.427748,7.257101,,58.180972
2026.07.31-05.09.27:054,547,PL_SampleFPS,0.000000,0.000000,0.000000,59.317474,16.858438,11.302937,10.121325,16.617626,6.593808,,58.214666
2026.07.31-05.09.27:088,549,PL_SampleFPS,0.000000,0.000000,0.000000,58.752640,17.020512,10.853257,9.829450,16.749130,6.378269,,58.249344
2026.07.31-05.09.27:123,551,PL_SampleFPS,0.000000,0.000000,0.000000,58.567520,17.074310,11.752617,10.482480,16.882559,7.215405,,58.283491
2026.07.31-05.09.27:157,553,PL_SampleFPS,0.000000,0.000000,0.000000,58.311718,17.149212,11.699373,9.600440,16.584911,7.099297,,58.317532
2026.07.31-05.09.27:207,556,PL_SampleFPS,0.000000,0.000000,0.000000,59.128403,16.912346,11.581982,11.221468,16.339865,6.749688,,58.367844
2026.07.31-05.09.27:240,558,PL_SampleFPS,0.000000,0.000000,0.000000,59.039494,16.937815,12.499945,10.497875,16.339222,7.216046,,58.401306
2026.07.31-05.09.27:274,560,PL_SampleFPS,0.000000,0.000000,0.000000,60.088291,16.642178,11.140000,10.549835,16.193605,7.828022,,58.434763
2026.07.31-05.09.27:307,562,PL_SampleFPS,0.000000,0.000000,0.000000,59.782845,16.727207,11.321540,10.588965,16.196814,6.895305,,58.467672
2026.07.31-05.09.27:357,565,PL_SampleFPS,0.000000,0.000000,0.000000,60.064678,16.648720,11.301012,9.543989,16.422615,6.866438,,58.518009
2026.07.31-05.09.27:391,567,PL_SampleFPS,0.000000,0.000000,0.000000,59.897305,16.695242,10.851333,9.703077,16.122402,6.613052,,58.551505
2026.07.31-05.09.27:424,569,PL_SampleFPS,0.000000,0.000000,0.000000,60.253452,16.596560,11.635225,10.272715,16.507933,7.369361,,58.584727
2026.07.31-05.09.27:457,571,PL_SampleFPS,0.000000,0.000000,0.000000,60.678539,16.480291,11.531946,9.290604,16.548346,6.665654,,58.618274
2026.07.31-05.09.27:491,573,PL_SampleFPS,0.000000,0.000000,0.000000,60.120068,16.633381,11.198375,10.315694,16.373863,7.212839,,58.652332
2026.07.31-05.09.27:525,575,PL_SampleFPS,0.000000,0.000000,0.000000,59.290855,16.866007,11.951476,9.847411,16.343071,6.546979,,58.685803
2026.07.31-05.09.27:575,578,PL_SampleFPS,0.000000,0.000000,0.000000,60.181454,16.616415,11.063663,9.860882,16.275717,6.958811,,58.736013
2026.07.31-05.09.27:608,580,PL_SampleFPS,0.000000,0.000000,0.000000,60.443428,16.544395,10.941782,9.596591,16.237869,6.726594,,58.769169
2026.07.31-05.09.27:642,582,PL_SampleFPS,0.000000,0.000000,0.000000,60.091133,16.641390,11.127171,10.218830,16.308432,7.067863,,58.802640
2026.07.31-05.09.27:675,584,PL_SampleFPS,0.000000,0.000000,0.000000,59.990646,16.669266,11.708996,9.456106,16.632381,6.505283,,58.836051
2026.07.31-05.09.27:724,587,PL_SampleFPS,0.000000,0.000000,0.000000,59.516953,16.801935,12.043209,10.209208,16.000519,6.622033,,58.885349
2026.07.31-05.09.27:774,590,PL_SampleFPS,0.000000,0.000000,0.000000,60.698025,16.475000,11.369010,9.359242,16.259678,6.654107,,58.934680
2026.07.31-05.09.27:823,593,PL_SampleFPS,0.000000,0.000000,0.000000,60.832428,16.438601,10.898803,9.654966,16.307791,6.729802,,58.984265
2026.07.31-05.09.27:856,595,PL_SampleFPS,0.000000,0.000000,0.000000,60.358173,16.567764,11.574925,9.412485,16.267376,6.692596,,59.017419
2026.07.31-05.09.27:889,597,PL_SampleFPS,0.000000,0.000000,0.000000,58.445965,17.109821,13.362740,9.191174,16.310997,7.127522,,59.050326
2026.07.31-05.09.27:939,600,PL_SampleFPS,0.000000,0.000000,0.000000,60.762280,16.457579,11.480628,10.887256,15.954332,7.173067,,59.099883
2026.07.31-05.09.27:989,603,PL_SampleFPS,0.000000,0.000000,0.000000,60.779751,16.452848,10.934084,9.422108,16.404013,6.705426,,59.149500
2026.07.31-05.09.28:022,605,PL_SampleFPS,0.000000,0.000000,0.000000,58.634605,17.054775,13.791251,9.520896,16.169230,6.971000,,59.182565
2026.07.31-05.09.28:071,608,PL_SampleFPS,0.000000,0.000000,0.000000,58.982361,16.954222,13.519262,9.575422,16.402088,7.233366,,59.232451
2026.07.31-05.09.28:122,611,PL_SampleFPS,0.000000,0.000000,0.000000,59.161762,16.902809,12.936795,10.449764,16.272509,7.205782,,59.282491
2026.07.31-05.09.28:155,613,PL_SampleFPS,0.000000,0.000000,0.000000,59.446190,16.821936,13.164521,9.903862,16.541931,6.979339,,59.316296
2026.07.31-05.09.28:189,615,PL_SampleFPS,0.000000,0.000000,0.000000,58.863625,16.988420,13.868871,9.867297,16.535517,7.013979,,59.349631
2026.07.31-05.09.28:223,617,PL_SampleFPS,0.000000,0.000000,0.000000,59.202206,16.891262,13.718122,9.638929,16.715773,7.269289,,59.383796
2026.07.31-05.09.28:257,619,PL_SampleFPS,0.000000,0.000000,0.000000,59.242146,16.879875,13.816269,9.935294,16.467520,6.988320,,59.417607
2026.07.31-05.09.28:290,621,PL_SampleFPS,0.000000,0.000000,0.000000,60.461315,16.539501,11.675638,11.064946,16.615061,7.514977,,59.451425
2026.07.31-05.09.28:324,623,PL_SampleFPS,0.000000,0.000000,0.000000,59.283367,16.868137,13.524394,9.659456,16.653549,7.521392,,59.485129
2026.07.31-05.09.28:358,625,PL_SampleFPS,0.000000,0.000000,0.000000,58.130455,17.202686,14.593105,9.408636,16.389900,6.778555,,59.519243
2026.07.31-05.09.28:392,627,PL_SampleFPS,0.000000,0.000000,0.000000,57.572159,17.369507,16.017839,10.204718,16.416201,7.325099,,59.552819
2026.07.31-05.09.28:442,630,PL_SampleFPS,0.000000,0.000000,0.000000,58.392170,17.125584,15.113348,10.317618,16.742075,7.355890,,59.603355
2026.07.31-05.09.28:479,632,PL_SampleFPS,0.000000,0.000000,0.000000,56.627552,17.659248,18.161036,10.456179,16.663172,7.894736,,59.640033
2026.07.31-05.09.28:528,635,PL_SampleFPS,0.000000,0.000000,0.000000,60.596928,16.502487,14.345492,10.107853,17.097456,7.279553,,59.689392
2026.07.31-05.09.28:562,637,PL_SampleFPS,0.000000,0.000000,0.000000,59.754860,16.735041,13.428813,9.791602,16.608646,7.441848,,59.723285
2026.07.31-05.09.28:597,639,PL_SampleFPS,0.000000,0.000000,0.000000,57.991394,17.243938,14.809926,9.429806,16.931313,6.750329,,59.757919
2026.07.31-05.09.28:631,641,PL_SampleFPS,0.000000,0.000000,0.000000,58.585457,17.069082,14.515486,10.126456,16.900520,7.543844,,59.792438
2026.07.31-05.09.28:666,643,PL_SampleFPS,0.000000,0.000000,0.000000,58.649502,17.050444,13.510922,10.046271,17.205225,6.829874,,59.827144
2026.07.31-05.09.28:701,645,PL_SampleFPS,0.000000,0.000000,0.000000,57.874802,17.278677,13.607145,8.971786,16.734377,6.792667,,59.861570
2026.07.31-05.09.28:736,647,PL_SampleFPS,0.000000,0.000000,0.000000,58.287239,17.156414,14.239648,9.893598,17.041647,7.536788,,59.896709
2026.07.31-05.09.28:787,650,PL_SampleFPS,0.000000,0.000000,0.000000,56.233044,17.783138,14.940789,9.234153,16.586836,6.631655,,59.948232
2026.07.31-05.09.28:822,652,PL_SampleFPS,0.000000,0.000000,0.000000,57.383347,17.426659,14.375642,9.247624,17.220621,7.213480,,59.982785
2026.07.31-05.09.28:857,654,PL_SampleFPS,0.000000,0.000000,0.000000,58.311459,17.149288,13.675142,9.775565,16.988403,7.100579,,60.017680
2026.07.31-05.09.28:891,656,PL_SampleFPS,0.000000,0.000000,0.000000,57.436680,17.410477,14.115200,9.390675,16.975574,7.456603,,60.052473
2026.07.31-05.09.28:926,658,PL_SampleFPS,0.000000,0.000000,0.000000,57.267365,17.461952,14.178707,10.501082,17.083984,7.052468,,60.087359
2026.07.31-05.09.28:961,660,PL_SampleFPS,0.000000,0.000000,0.000000,57.026306,17.535767,15.582913,9.935294,17.136587,7.479054,,60.122047
2026.07.31-05.09.29:013,663,PL_SampleFPS,0.000000,0.000000,0.000000,57.058472,17.525881,13.955470,9.388750,17.289902,7.380266,,60.174312
2026.07.31-05.09.29:068,666,PL_SampleFPS,0.000000,0.000000,0.000000,55.955956,17.871199,13.548770,9.232228,17.942930,6.958811,,60.228558
2026.07.31-05.09.29:105,668,PL_SampleFPS,0.000000,0.000000,0.000000,52.364971,19.096735,16.855618,9.892957,17.900593,7.589390,,60.265945
2026.07.31-05.09.29:141,670,PL_SampleFPS,0.000000,0.000000,0.000000,54.054420,18.499874,14.892677,10.150833,17.920479,7.988392,,60.302167
2026.07.31-05.09.29:178,672,PL_SampleFPS,0.000000,0.000000,0.000000,55.428623,18.041220,13.341571,9.783904,17.726751,7.156388,,60.338834
2026.07.31-05.09.29:215,674,PL_SampleFPS,0.000000,0.000000,0.000000,53.942940,18.538107,15.184552,10.558816,17.989759,7.179482,,60.375522
2026.07.31-05.09.29:253,676,PL_SampleFPS,0.000000,0.000000,0.000000,56.982891,17.549128,11.407498,9.549763,19.080923,6.923530,,60.413692
2026.07.31-05.09.29:291,678,PL_SampleFPS,0.000000,0.000000,0.000000,51.216522,19.524950,17.568947,10.639002,18.610073,7.316118,,60.451908
2026.07.31-05.09.29:348,681,PL_SampleFPS,0.000000,0.000000,0.000000,51.537258,19.403439,16.127533,10.049479,18.621620,6.886965,,60.508691
2026.07.31-05.09.29:386,683,PL_SampleFPS,0.000000,0.000000,0.000000,53.053448,18.848917,13.560958,10.827598,18.815348,7.354607,,60.547001
2026.07.31-05.09.29:424,685,PL_SampleFPS,0.000000,0.000000,0.000000,54.898209,18.215530,11.880272,10.576137,18.690901,7.385398,,60.585136
2026.07.31-05.09.29:462,687,PL_SampleFPS,0.000000,0.000000,0.000000,54.153408,18.466059,11.582623,9.866014,18.904514,6.890173,,60.623369
2026.07.31-05.09.29:501,689,PL_SampleFPS,0.000000,0.000000,0.000000,50.172459,19.931253,16.460463,10.204718,18.817272,7.477130,,60.662029
2026.07.31-05.09.29:540,691,PL_SampleFPS,0.000000,0.000000,0.000000,51.413906,19.449991,13.647558,9.824318,18.960323,7.412982,,60.700824
2026.07.31-05.09.29:579,693,PL_SampleFPS,0.000000,0.000000,0.000000,52.031372,19.219173,12.863025,10.664020,18.531172,7.814550,,60.739755
2026.07.31-05.09.29:617,695,PL_SampleFPS,0.000000,0.000000,0.000000,53.433739,18.714767,12.057322,10.346485,18.935307,7.459168,,60.777771
2026.07.31-05.09.29:656,697,PL_SampleFPS,0.000000,0.000000,0.000000,53.864140,18.565228,12.156752,11.415838,19.266953,8.327737,,60.817417
2026.07.31-05.09.29:695,699,PL_SampleFPS,0.000000,0.000000,0.000000,50.358463,19.857635,14.264666,9.820469,19.120695,6.829874,,60.856396
2026.07.31-05.09.29:734,701,PL_SampleFPS,0.000000,0.000000,0.000000,49.358242,20.260040,15.885694,10.567797,19.114279,7.599653,,60.895208
2026.07.31-05.09.29:774,703,PL_SampleFPS,0.000000,0.000000,0.000000,50.460552,19.817461,15.254475,10.388182,19.141222,7.698442,,60.934847
2026.07.31-05.09.29:815,705,PL_SampleFPS,0.000000,0.000000,0.000000,47.823639,20.910162,20.322834,10.652472,18.897459,7.829946,,60.975558
2026.07.31-05.09.29:872,708,PL_SampleFPS,0.000000,0.000000,0.000000,53.839745,18.573639,11.499230,11.401725,19.916134,7.888321,,61.033120
2026.07.31-05.09.29:911,710,PL_SampleFPS,0.000000,0.000000,0.000000,53.296341,18.763014,12.507643,11.045702,19.278500,7.875491,,61.072164
2026.07.31-05.09.29:951,712,PL_SampleFPS,0.000000,0.000000,0.000000,52.584354,19.017063,11.850763,10.889822,18.969305,8.425884,,61.111494
2026.07.31-05.09.29:989,714,PL_SampleFPS,0.000000,0.000000,0.000000,50.994221,19.610065,13.394173,9.816620,18.581848,7.120465,,61.149798
2026.07.31-05.09.30:027,716,PL_SampleFPS,0.000000,0.000000,0.000000,49.951454,20.019438,16.202587,10.061025,18.721050,7.497657,,61.188121
2026.07.31-05.09.30:066,718,PL_SampleFPS,0.000000,0.000000,0.000000,52.577301,19.019615,13.702085,10.025743,19.010359,7.180765,,61.226729
2026.07.31-05.09.30:105,720,PL_SampleFPS,0.000000,0.000000,0.000000,49.742233,20.103642,17.002516,10.043705,18.862818,7.312911,,61.265547
2026.07.31-05.09.30:142,722,PL_SampleFPS,0.000000,0.000000,0.000000,51.592674,19.382597,16.710001,10.562023,18.691542,7.640067,,61.303436
2026.07.31-05.09.30:180,724,PL_SampleFPS,0.000000,0.000000,0.000000,54.082474,18.490278,11.998946,11.199017,18.806368,8.182762,,61.341478
2026.07.31-05.09.30:220,726,PL_SampleFPS,0.000000,0.000000,0.000000,54.118343,18.478024,11.893743,11.533230,19.375364,8.439997,,61.380518
2026.07.31-05.09.30:259,728,PL_SampleFPS,0.000000,0.000000,0.000000,50.471657,19.813101,14.292891,10.857106,19.106583,8.074992,,61.419816
2026.07.31-05.09.30:298,730,PL_SampleFPS,0.000000,0.000000,0.000000,48.701183,20.533382,18.259182,10.583834,19.377289,8.100652,,61.459004
2026.07.31-05.09.30:338,732,PL_SampleFPS,0.000000,0.000000,0.000000,53.904984,18.551161,11.886686,10.444633,19.987980,7.419396,,61.499294
2026.07.31-05.09.30:378,734,PL_SampleFPS,0.000000,0.000000,0.000000,52.085152,19.199329,11.819331,10.239357,19.662106,7.512412,,61.539420
2026.07.31-05.09.30:419,736,PL_SampleFPS,0.000000,0.000000,0.000000,51.816219,19.298977,11.698091,11.156037,19.884701,7.780552,,61.579861
2026.07.31-05.09.30:460,738,PL_SampleFPS,0.000000,0.000000,0.000000,51.195980,19.532784,11.649980,10.822466,20.172087,7.505997,,61.621389
2026.07.31-05.09.30:502,740,PL_SampleFPS,0.000000,0.000000,0.000000,49.917839,20.032919,12.377421,10.521610,20.474867,8.021749,,61.662727
2026.07.31-05.09.30:543,742,PL_SampleFPS,0.000000,0.000000,0.000000,49.251091,20.304119,12.235012,10.303506,20.528109,7.506639,,61.704340
2026.07.31-05.09.30:586,744,PL_SampleFPS,0.000000,0.000000,0.000000,45.445011,22.004616,16.422615,10.152757,20.836021,7.445697,,61.746744
2026.07.31-05.09.30:628,746,PL_SampleFPS,0.000000,0.000000,0.000000,48.759949,20.508635,12.421684,11.786615,20.772514,8.244986,,61.789477
2026.07.31-05.09.30:671,748,PL_SampleFPS,0.000000,0.000000,0.000000,48.075359,20.800676,12.134941,11.377349,21.286343,7.752326,,61.832458
2026.07.31-05.09.30:714,750,PL_SampleFPS,0.000000,0.000000,0.000000,46.319744,21.589066,13.972791,10.567797,20.606371,7.911414,,61.874850
2026.07.31-05.09.30:756,752,PL_SampleFPS,0.000000,0.000000,0.000000,48.803795,20.490210,12.360102,11.387612,21.101595,7.917829,,61.917258
2026.07.31-05.09.30:798,754,PL_SampleFPS,0.000000,0.000000,0.000000,45.339329,22.055906,16.654833,11.343350,20.523619,8.414337,,61.959271
2026.07.31-05.09.30:841,756,PL_SampleFPS,0.000000,0.000000,0.000000,49.351116,20.262966,11.683978,11.142566,21.044502,7.950545,,62.001828
2026.07.31-05.09.30:883,758,PL_SampleFPS,0.000000,0.000000,0.000000,45.539322,21.959045,17.186623,10.123891,20.496675,7.412982,,62.043578
2026.07.31-05.09.30:925,760,PL_SampleFPS,0.000000,0.000000,0.000000,49.227764,20.313740,11.951476,11.687185,20.714140,7.639425,,62.086055
2026.07.31-05.09.30:967,762,PL_SampleFPS,0.000000,0.000000,0.000000,48.403793,20.659538,11.718618,11.365802,20.836662,7.777344,,62.128093
2026.07.31-05.09.31:009,764,PL_SampleFPS,0.000000,0.000000,0.000000,45.364590,22.043625,15.666948,10.293883,20.284986,7.142276,,62.170156
2026.07.31-05.09.31:051,766,PL_SampleFPS,0.000000,0.000000,0.000000,45.951721,21.761971,16.108931,10.073214,20.545429,7.012696,,62.212215
2026.07.31-05.09.31:094,768,PL_SampleFPS,0.000000,0.000000,0.000000,46.527348,21.492737,15.947276,10.211774,20.487055,7.426453,,62.254530
2026.07.31-05.09.31:135,770,PL_SampleFPS,0.000000,0.000000,0.000000,50.093231,19.962776,11.818048,10.488894,20.589050,7.411699,,62.295834
2026.07.31-05.09.31:177,772,PL_SampleFPS,0.000000,0.000000,0.000000,45.778790,21.844177,17.759466,11.027099,20.706442,7.701008,,62.338147
2026.07.31-05.09.31:218,774,PL_SampleFPS,0.000000,0.000000,0.000000,47.643772,20.989101,15.276926,10.158530,19.889833,7.455319,,62.379161
2026.07.31-05.09.31:261,776,PL_SampleFPS,0.000000,0.000000,0.000000,48.265591,20.718695,14.183839,10.296450,20.703234,8.003146,,62.421515
2026.07.31-05.09.31:302,778,PL_SampleFPS,0.000000,0.000000,0.000000,46.680363,21.422285,17.554834,10.983479,19.845572,7.510487,,62.462505
2026.07.31-05.09.31:342,780,PL_SampleFPS,0.000000,0.000000,0.000000,50.650898,19.742987,12.331876,11.969438,19.801950,7.704857,,62.503394
2026.07.31-05.09.31:382,782,PL_SampleFPS,0.000000,0.000000,0.000000,50.939716,19.631048,12.868797,12.199089,19.534451,8.689533,,62.542938
2026.07.31-05.09.31:423,784,PL_SampleFPS,0.000000,0.000000,0.000000,51.593384,19.382330,12.046416,11.393386,20.274082,7.943489,,62.583488
2026.07.31-05.09.31:462,786,PL_SampleFPS,0.000000,0.000000,0.000000,47.863811,20.892611,15.526464,10.431161,19.607580,7.532939,,62.623270
2026.07.31-05.09.31:503,788,PL_SampleFPS,0.000000,0.000000,0.000000,48.148052,20.769272,16.506008,11.653187,19.565884,7.989675,,62.663763
2026.07.31-05.09.31:543,790,PL_SampleFPS,0.000000,0.000000,0.000000,47.823658,20.910152,16.767735,10.506856,19.678144,7.220537,,62.703622
2026.07.31-05.09.31:582,792,PL_SampleFPS,0.000000,0.000000,0.000000,48.823250,20.482044,15.919693,10.480556,19.469021,7.441207,,62.743232
2026.07.31-05.09.31:623,794,PL_SampleFPS,0.000000,0.000000,0.000000,49.022381,20.398846,16.894747,9.876278,20.095749,7.452754,,62.783525
2026.07.31-05.09.31:663,796,PL_SampleFPS,0.000000,0.000000,0.000000,50.516701,19.795433,13.775213,9.713341,19.923191,7.138427,,62.823870
2026.07.31-05.09.31:704,798,PL_SampleFPS,0.000000,0.000000,0.000000,50.890240,19.650133,12.368441,10.241923,20.044430,7.156388,,62.864765
2026.07.31-05.09.31:745,800,PL_SampleFPS,0.000000,0.000000,0.000000,47.003033,21.275223,17.540079,10.406785,20.038015,7.554108,,62.905705
2026.07.31-05.09.31:785,802,PL_SampleFPS,0.000000,0.000000,0.000000,49.437115,20.227718,14.322399,9.926955,19.595392,7.209631,,62.946021
2026.07.31-05.09.31:826,804,PL_SampleFPS,0.000000,0.000000,0.000000,51.578335,19.387985,12.016266,11.350407,19.891115,7.513695,,62.986478
2026.07.31-05.09.31:866,806,PL_SampleFPS,0.000000,0.000000,0.000000,47.822002,20.910877,15.227532,11.037363,19.626825,7.701649,,63.026530
2026.07.31-05.09.31:906,808,PL_SampleFPS,0.000000,0.000000,0.000000,51.646877,19.362255,12.414627,11.465874,19.870588,8.160310,,63.066734
2026.07.31-05.09.31:945,810,PL_SampleFPS,0.000000,0.000000,0.000000,51.707329,19.339619,12.269652,11.705147,19.298386,8.101294,,63.106335
2026.07.31-05.09.31:984,812,PL_SampleFPS,0.000000,0.000000,0.000000,50.242680,19.903397,13.961244,9.934653,18.995605,7.386681,,63.145431
2026.07.31-05.09.32:023,814,PL_SampleFPS,0.000000,0.000000,0.000000,50.586754,19.768021,14.928600,10.004575,19.065527,7.331513,,63.183720
2026.07.31-05.09.32:061,816,PL_SampleFPS,0.000000,0.000000,0.000000,52.058628,19.209112,14.153048,11.029023,18.710787,7.730516,,63.222309
2026.07.31-05.09.32:099,818,PL_SampleFPS,0.000000,0.000000,0.000000,52.452198,19.064978,14.261458,10.694811,18.669090,7.734365,,63.259801
2026.07.31-05.09.32:137,820,PL_SampleFPS,0.000000,0.000000,0.000000,54.157486,18.464668,11.950193,11.449837,18.599810,8.030730,,63.297828
2026.07.31-05.09.32:175,822,PL_SampleFPS,0.000000,0.000000,0.000000,51.453529,19.435013,14.764381,10.735866,18.252768,8.032655,,63.335675
2026.07.31-05.09.32:211,824,PL_SampleFPS,0.000000,0.000000,0.000000,53.292816,18.764256,14.017053,10.690320,17.980137,7.709989,,63.372402
2026.07.31-05.09.32:248,826,PL_SampleFPS,0.000000,0.000000,0.000000,54.077950,18.491825,13.649483,9.447767,18.218769,7.191029,,63.409223
2026.07.31-05.09.32:285,828,PL_SampleFPS,0.000000,0.000000,0.000000,52.534775,19.035011,15.582273,10.466442,18.177713,7.865869,,63.446330
2026.07.31-05.09.32:322,830,PL_SampleFPS,0.000000,0.000000,0.000000,54.771725,18.257595,13.947773,9.641495,18.058397,6.779838,,63.483117
2026.07.31-05.09.32:359,832,PL_SampleFPS,0.000000,0.000000,0.000000,56.654488,17.650852,12.090037,10.408068,18.372084,7.442490,,63.520043
2026.07.31-05.09.32:395,834,PL_SampleFPS,0.000000,0.000000,0.000000,52.809925,18.935835,14.639934,9.521538,17.690828,7.201934,,63.556093
2026.07.31-05.09.32:450,837,PL_SampleFPS,0.000000,0.000000,0.000000,56.020954,17.850464,12.034228,11.828953,17.759466,7.832512,,63.611415
2026.07.31-05.09.32:487,839,PL_SampleFPS,0.000000,0.000000,0.000000,53.845509,18.571651,13.646917,10.604362,18.092396,7.804286,,63.648020
2026.07.31-05.09.32:523,841,PL_SampleFPS,0.000000,0.000000,0.000000,53.729328,18.611809,14.244780,10.343919,17.695959,7.441207,,63.683821
2026.07.31-05.09.32:559,843,PL_SampleFPS,0.000000,0.000000,0.000000,55.431137,18.040401,13.464094,10.106570,17.469517,7.027450,,63.719609
2026.07.31-05.09.32:594,845,PL_SampleFPS,0.000000,0.000000,0.000000,55.489330,18.021482,13.817552,9.407353,17.280920,7.016545,,63.754831
2026.07.31-05.09.32:630,847,PL_SampleFPS,0.000000,0.000000,0.000000,56.120899,17.818674,13.723253,10.905859,17.538797,7.666368,,63.790647
2026.07.31-05.09.32:665,849,PL_SampleFPS,0.000000,0.000000,0.000000,54.431171,18.371826,16.167305,11.014269,17.413708,7.493809,,63.826454
2026.07.31-05.09.32:719,852,PL_SampleFPS,0.000000,0.000000,0.000000,58.373264,17.131130,11.905931,11.509495,17.679281,8.302077,,63.880276
2026.07.31-05.09.32:756,854,PL_SampleFPS,0.000000,0.000000,0.000000,54.977158,18.189373,14.042712,9.621609,17.687620,6.990886,,63.916501
2026.07.31-05.09.32:791,856,PL_SampleFPS,0.000000,0.000000,0.000000,54.567009,18.326092,14.865094,9.908352,17.502874,7.763873,,63.952290
2026.07.31-05.09.32:828,858,PL_SampleFPS,0.000000,0.000000,0.000000,55.514095,18.013443,14.154972,9.986613,17.745996,7.215405,,63.988620
2026.07.31-05.09.32:864,860,PL_SampleFPS,0.000000,0.000000,0.000000,55.281544,18.089220,13.597523,9.872429,17.955761,7.026809,,64.025137
2026.07.31-05.09.32:901,862,PL_SampleFPS,0.000000,0.000000,0.000000,52.485401,19.052917,17.382275,10.115551,17.820408,7.045412,,64.061669
2026.07.31-05.09.32:937,864,PL_SampleFPS,0.000000,0.000000,0.000000,55.324207,18.075270,13.909925,10.168795,17.787693,6.904285,,64.097600
2026.07.31-05.09.32:974,866,PL_SampleFPS,0.000000,0.000000,0.000000,56.861271,17.586662,12.779632,11.790464,18.175148,8.131443,,64.134522
2026.07.31-05.09.33:010,868,PL_SampleFPS,0.000000,0.000000,0.000000,56.510418,17.695852,11.846273,11.302296,18.023758,7.795306,,64.170545
2026.07.31-05.09.33:046,870,PL_SampleFPS,0.000000,0.000000,0.000000,55.666271,17.964199,12.549980,10.775638,17.887764,7.487394,,64.207296
2026.07.31-05.09.33:083,872,PL_SampleFPS,0.000000,0.000000,0.000000,55.186275,18.120447,12.646203,11.052758,18.019268,8.285399,,64.244387
2026.07.31-05.09.33:120,874,PL_SampleFPS,0.000000,0.000000,0.000000,54.001129,18.518131,12.995811,10.404219,18.088549,7.520110,,64.281252
2026.07.31-05.09.33:163,876,PL_SampleFPS,0.000000,0.000000,0.000000,48.305622,20.701525,21.992615,10.903934,18.204657,7.622105,,64.323557
2026.07.31-05.09.33:213,879,PL_SampleFPS,0.000000,0.000000,0.000000,57.025005,17.536167,12.042567,10.503649,18.046209,7.423887,,64.373559
2026.07.31-05.09.33:249,881,PL_SampleFPS,0.000000,0.000000,0.000000,55.680965,17.959459,12.539075,10.222037,18.090473,7.917188,,64.410319
2026.07.31-05.09.33:313,883,PL_SampleFPS,0.000000,0.000000,0.000000,50.440720,19.825253,42.116589,10.392672,19.250916,7.008206,,64.473813
2026.07.31-05.09.33:327,884,PL_SampleFPS,0.000000,0.000000,0.000000,40.897678,24.451265,13.426247,17.316843,18.529247,7.008206,,64.488349
2026.07.31-05.09.33:363,886,PL_SampleFPS,0.000000,0.000000,0.000000,44.718300,22.362209,21.850206,10.260527,21.113142,6.186466,,64.524304
2026.07.31-05.09.33:399,888,PL_SampleFPS,0.000000,0.000000,0.000000,47.925316,20.865799,22.210079,10.439500,15.839507,3.152891,,64.560435
2026.07.31-05.09.33:436,890,PL_SampleFPS,0.000000,0.000000,0.000000,49.755238,20.098387,22.448069,9.569649,15.880562,2.213118,,64.596998
2026.07.31-05.09.33:485,893,PL_SampleFPS,0.000000,0.000000,0.000000,53.589226,18.660467,22.425617,9.551045,15.708645,1.324022,,64.646109
2026.07.31-05.09.33:535,896,PL_SampleFPS,0.000000,0.000000,0.000000,54.973824,18.190475,22.869524,9.434937,15.774717,0.965432,,64.696363
2026.07.31-05.09.33:587,899,PL_SampleFPS,0.000000,0.000000,0.000000,54.485897,18.353373,23.599531,9.824959,15.706079,0.225802,,64.747772
2026.07.31-05.09.33:637,902,PL_SampleFPS,0.000000,0.000000,0.000000,54.836678,18.235970,23.630323,9.886541,15.788830,1.586388,,64.798242
2026.07.31-05.09.33:685,905,PL_SampleFPS,0.000000,0.000000,0.000000,57.338745,17.440214,21.915638,9.940426,15.402657,0.737706,,64.846031
2026.07.31-05.09.33:734,908,PL_SampleFPS,0.000000,0.000000,0.000000,57.262798,17.463345,22.492331,10.161738,15.878637,1.294513,,64.895043
2026.07.31-05.09.33:783,911,PL_SampleFPS,0.000000,0.000000,0.000000,56.711456,17.633121,22.826544,9.231587,15.290398,0.810835,,64.944424
2026.07.31-05.09.33:834,914,PL_SampleFPS,0.000000,0.000000,0.000000,56.352184,17.745541,23.940159,10.199586,15.715059,2.406204,,64.994816
2026.07.31-05.09.33:885,917,PL_SampleFPS,0.000000,0.000000,0.000000,55.153202,18.131313,23.115852,9.554254,15.702871,1.405490,,65.046009
2026.07.31-05.09.33:933,920,PL_SampleFPS,0.000000,0.000000,0.000000,57.402370,17.420883,21.032957,9.901296,16.142288,0.495867,,65.094454
2026.07.31-05.09.33:969,922,PL_SampleFPS,0.000000,0.000000,0.000000,56.201595,17.793089,19.477360,9.637005,16.346279,6.992810,,65.130252
2026.07.31-05.09.34:006,924,PL_SampleFPS,0.000000,0.000000,0.000000,55.073601,18.157520,18.950060,9.829450,15.678494,6.993452,,65.166673
2026.07.31-05.09.34:050,926,PL_SampleFPS,0.000000,0.000000,0.000000,50.628674,19.751654,19.538942,9.536292,15.597027,6.518113,,65.210720
2026.07.31-05.09.34:100,929,PL_SampleFPS,0.000000,0.000000,0.000000,55.552570,18.000967,17.464384,9.644061,16.074289,7.056317,,65.260623
2026.07.31-05.09.34:135,931,PL_SampleFPS,0.000000,0.000000,0.000000,55.547981,18.002455,18.007080,9.346413,15.848488,6.879909,,65.296250
2026.07.31-05.09.34:182,934,PL_SampleFPS,0.000000,0.000000,0.000000,60.670036,16.482601,14.708572,9.629307,15.831809,0.003849,,65.343006
2026.07.31-05.09.34:230,937,PL_SampleFPS,0.000000,0.000000,0.000000,61.638447,16.223640,15.309642,10.042422,15.788189,7.803004,,65.391445
2026.07.31-05.09.34:267,939,PL_SampleFPS,0.000000,0.000000,0.000000,58.609375,17.062117,16.154476,9.921182,15.704154,7.156388,,65.428048
2026.07.31-05.09.34:301,941,PL_SampleFPS,0.000000,0.000000,0.000000,59.007347,16.947042,17.135303,9.821111,15.514916,7.642633,,65.461668
2026.07.31-05.09.34:334,943,PL_SampleFPS,0.000000,0.000000,0.000000,59.355412,16.847664,16.704227,9.390034,15.761246,7.017828,,65.494882
2026.07.31-05.09.34:383,946,PL_SampleFPS,0.000000,0.000000,0.000000,59.556606,16.790749,16.986479,9.717190,15.348772,7.010772,,65.544480
2026.07.31-05.09.34:432,949,PL_SampleFPS,0.000000,0.000000,0.000000,60.580235,16.507034,16.121119,9.690248,15.612422,7.701649,,65.593422
2026.07.31-05.09.34:468,951,PL_SampleFPS,0.000000,0.000000,0.000000,58.239185,17.170570,18.348349,9.642777,15.478993,6.669503,,65.628639
2026.07.31-05.09.34:505,953,PL_SampleFPS,0.000000,0.000000,0.000000,57.350040,17.436779,16.609928,10.146342,15.657326,7.271855,,65.665759
2026.07.31-05.09.34:538,955,PL_SampleFPS,0.000000,0.000000,0.000000,58.767689,17.016153,15.749700,9.875636,16.054403,7.982619,,65.698881
2026.07.31-05.09.34:572,957,PL_SampleFPS,0.000000,0.000000,0.000000,58.954376,16.962269,16.235945,9.560668,15.442429,7.389888,,65.732576
2026.07.31-05.09.34:607,959,PL_SampleFPS,0.000000,0.000000,0.000000,57.236145,17.471478,18.849989,9.739000,15.738153,6.341063,,65.768084
2026.07.31-05.09.34:657,962,PL_SampleFPS,0.000000,0.000000,0.000000,58.700352,17.035673,17.431026,9.370148,15.581631,7.366153,,65.817761
2026.07.31-05.09.34:705,965,PL_SampleFPS,0.000000,0.000000,0.000000,60.885796,16.424192,15.331452,9.829450,15.820263,7.681763,,65.865991
2026.07.31-05.09.34:753,968,PL_SampleFPS,0.000000,0.000000,0.000000,61.481640,16.265018,15.196099,9.488180,15.690042,7.611200,,65.914086
2026.07.31-05.09.34:801,971,PL_SampleFPS,0.000000,0.000000,0.000000,62.467144,16.008415,15.680419,9.434937,15.746492,0.246971,,65.962178
2026.07.31-05.09.34:846,974,PL_SampleFPS,0.000000,0.000000,0.000000,66.199875,15.105769,13.334515,9.321395,15.946635,0.919246,,66.006942
2026.07.31-05.09.34:893,977,PL_SampleFPS,0.000000,0.000000,0.000000,63.957817,15.635305,15.513634,9.638929,16.268660,1.816681,,66.054327
2026.07.31-05.09.34:940,980,PL_SampleFPS,0.000000,0.000000,0.000000,63.486465,15.751389,15.821546,10.130305,16.307791,2.995727,,66.100987
2026.07.31-05.09.34:986,983,PL_SampleFPS,0.000000,0.000000,0.000000,64.774635,15.438142,15.215985,9.494596,15.926749,6.028019,,66.147038
2026.07.31-05.09.35:036,986,PL_SampleFPS,0.000000,0.000000,0.000000,62.161774,16.087057,16.464312,9.912843,16.219265,7.040921,,66.196678
2026.07.31-05.09.35:084,989,PL_SampleFPS,0.000000,0.000000,0.000000,63.149727,15.835382,15.854261,10.899444,16.463671,7.119182,,66.244595
2026.07.31-05.09.35:118,991,PL_SampleFPS,0.000000,0.000000,0.000000,60.825203,16.440554,16.414917,10.045630,16.451483,7.554108,,66.278558
2026.07.31-05.09.35:167,994,PL_SampleFPS,0.000000,0.000000,0.000000,61.085835,16.370407,15.724040,11.164376,16.019123,7.783118,,66.328233
2026.07.31-05.09.35:201,996,PL_SampleFPS,0.000000,0.000000,0.000000,59.988869,16.669760,16.917841,10.143776,16.425823,7.041563,,66.361714
2026.07.31-05.09.35:251,999,PL_SampleFPS,0.000000,0.000000,0.000000,59.978718,16.672581,15.738153,9.883976,16.448915,6.996659,,66.411804
2026.07.31-05.09.36:929,100,PL_SampleFPS,0.000000,0.000000,0.000000,57.839569,17.289202,14.326248,9.635721,16.346920,6.873494,,68.089791
2026.07.31-05.09.36:979,103,PL_SampleFPS,0.000000,0.000000,0.000000,58.161060,17.193634,14.555899,10.029593,16.192965,7.367436,,68.140463
2026.07.31-05.09.37:030,106,PL_SampleFPS,0.000000,0.000000,0.000000,58.275467,17.159880,14.741287,10.063591,16.484198,7.225668,,68.190837
2026.07.31-05.09.37:080,109,PL_SampleFPS,0.000000,0.000000,0.000000,60.350586,16.569847,11.768654,10.571004,16.501518,7.111485,,68.241077
2026.07.31-05.09.37:114,111,PL_SampleFPS,0.000000,0.000000,0.000000,60.587383,16.505087,13.498093,10.255395,16.411711,6.964585,,68.274996
2026.07.31-05.09.37:148,113,PL_SampleFPS,0.000000,0.000000,0.000000,58.311069,17.149403,14.305720,9.338715,16.514347,7.155747,,68.308539
2026.07.31-05.09.37:181,115,PL_SampleFPS,0.000000,0.000000,0.000000,58.675606,17.042858,14.648273,9.743491,16.436728,6.984471,,68.342180
2026.07.31-05.09.37:215,117,PL_SampleFPS,0.000000,0.000000,0.000000,58.686771,17.039616,14.606576,9.758886,16.383486,7.149332,,68.375635
2026.07.31-05.09.37:265,120,PL_SampleFPS,0.000000,0.000000,0.000000,60.557716,16.513172,11.840500,10.150833,16.412992,6.869004,,68.425710
2026.07.31-05.09.37:298,122,PL_SampleFPS,0.000000,0.000000,0.000000,61.264717,16.322609,12.664806,9.914125,16.345638,6.922888,,68.459320
2026.07.31-05.09.37:332,124,PL_SampleFPS,0.000000,0.000000,0.000000,60.416691,16.551718,11.985476,10.794241,16.333448,7.012054,,68.493281
2026.07.31-05.09.37:365,126,PL_SampleFPS,0.000000,0.000000,0.000000,57.812164,17.297398,14.546277,9.734510,15.900448,6.935077,,68.526073
2026.07.31-05.09.37:415,129,PL_SampleFPS,0.000000,0.000000,0.000000,60.711540,16.471333,12.174071,10.970007,16.201944,7.439282,,68.575662
2026.07.31-05.09.37:448,131,PL_SampleFPS,0.000000,0.000000,0.000000,60.455914,16.540979,12.044492,10.221395,15.982558,7.289176,,68.608667
2026.07.31-05.09.37:498,134,PL_SampleFPS,0.000000,0.000000,0.000000,60.289452,16.586649,12.239503,10.608211,16.440577,6.987678,,68.658565
2026.07.31-05.09.37:531,136,PL_SampleFPS,0.000000,0.000000,0.000000,58.010731,17.238190,16.121759,9.901937,16.219265,7.187180,,68.692122
2026.07.31-05.09.37:583,139,PL_SampleFPS,0.000000,0.000000,0.000000,56.766590,17.615995,18.262390,9.737718,16.427748,7.001149,,68.744382
2026.07.31-05.09.37:632,142,PL_SampleFPS,0.000000,0.000000,0.000000,62.401672,16.025211,12.838648,10.345202,16.554762,7.702291,,68.792766
2026.07.31-05.09.37:665,144,PL_SampleFPS,0.000000,0.000000,0.000000,61.309261,16.310749,11.558248,9.674852,16.209002,6.880550,,68.825792
2026.07.31-05.09.37:699,146,PL_SampleFPS,0.000000,0.000000,0.000000,58.516788,17.089113,15.065878,10.252829,16.629173,6.906210,,68.860237
2026.07.31-05.09.37:749,149,PL_SampleFPS,0.000000,0.000000,0.000000,61.600395,16.233662,11.514627,10.058459,16.422615,7.547693,,68.909893
2026.07.31-05.09.37:782,151,PL_SampleFPS,0.000000,0.000000,0.000000,61.564518,16.243122,12.201655,10.816051,16.018480,7.358456,,68.943088
2026.07.31-05.09.37:815,153,PL_SampleFPS,0.000000,0.000000,0.000000,59.587654,16.782000,14.677781,9.592101,16.196814,6.558526,,68.975800
2026.07.31-05.09.37:851,155,PL_SampleFPS,0.000000,0.000000,0.000000,57.694485,17.332680,16.108931,10.107212,16.464954,7.501506,,69.012157
2026.07.31-05.09.37:899,158,PL_SampleFPS,0.000000,0.000000,0.000000,61.844677,16.169540,12.102866,10.773071,15.988973,7.110843,,69.059759
2026.07.31-05.09.37:949,161,PL_SampleFPS,0.000000,0.000000,0.000000,58.879570,16.983820,14.598878,9.297660,16.322544,6.890173,,69.109571
2026.07.31-05.09.37:982,163,PL_SampleFPS,0.000000,0.000000,0.000000,58.349331,17.138157,16.039650,9.742849,15.976785,6.674634,,69.143322
2026.07.31-05.09.38:032,166,PL_SampleFPS,0.000000,0.000000,0.000000,62.616341,15.970272,11.956609,10.198302,16.684982,7.404001,,69.193250
2026.07.31-05.09.38:066,168,PL_SampleFPS,0.000000,0.000000,0.000000,58.296333,17.153738,14.692534,10.027668,16.566307,7.096730,,69.226785
2026.07.31-05.09.38:116,171,PL_SampleFPS,0.000000,0.000000,0.000000,61.271130,16.320900,11.847556,10.617191,16.407862,7.285326,,69.276789
2026.07.31-05.09.38:150,173,PL_SampleFPS,0.000000,0.000000,0.000000,60.112644,16.635435,11.837934,10.905217,16.269943,7.821607,,69.310689
2026.07.31-05.09.38:199,176,PL_SampleFPS,0.000000,0.000000,0.000000,57.793129,17.303095,14.697667,9.781339,16.264170,7.518185,,69.360061
2026.07.31-05.09.38:250,179,PL_SampleFPS,0.000000,0.000000,0.000000,57.538799,17.379578,14.682913,10.204076,16.435446,7.118541,,69.411091
2026.07.31-05.09.38:300,182,PL_SampleFPS,0.000000,0.000000,0.000000,61.179165,16.345434,11.918119,10.349051,16.412352,7.232083,,69.460498
2026.07.31-05.09.38:334,184,PL_SampleFPS,0.000000,0.000000,0.000000,58.526382,17.086311,14.617481,9.506142,16.595816,7.033865,,69.494818
2026.07.31-05.09.38:367,186,PL_SampleFPS,0.000000,0.000000,0.000000,58.047638,17.227230,14.893961,9.918615,16.306507,7.008206,,69.528101
2026.07.31-05.09.38:416,189,PL_SampleFPS,0.000000,0.000000,0.000000,61.996204,16.130020,11.983551,10.514554,15.986407,7.378983,,69.577148
2026.07.31-05.09.38:450,191,PL_SampleFPS,0.000000,0.000000,0.000000,59.337536,16.852739,15.141573,9.957105,16.409143,7.509204,,69.610715
2026.07.31-05.09.38:484,193,PL_SampleFPS,0.000000,0.000000,0.000000,59.178932,16.897905,14.947204,9.481766,16.225679,6.770857,,69.644516
2026.07.31-05.09.38:533,196,PL_SampleFPS,0.000000,0.000000,0.000000,62.084122,16.107178,11.931590,9.831374,16.290470,6.997942,,69.694432
2026.07.31-05.09.38:567,198,PL_SampleFPS,0.000000,0.000000,0.000000,59.773602,16.729794,14.163311,9.456106,16.309715,7.182048,,69.727667
2026.07.31-05.09.38:600,200,PL_SampleFPS,0.000000,0.000000,0.000000,58.258652,17.164833,14.578992,9.754396,15.852337,6.419965,,69.760991
2026.07.31-05.09.38:634,202,PL_SampleFPS,0.000000,0.000000,0.000000,58.876595,16.984678,15.340433,9.954538,16.408503,7.593238,,69.794618
2026.07.31-05.09.38:683,205,PL_SampleFPS,0.000000,0.000000,0.000000,58.982616,16.954147,16.197454,10.248980,16.313564,7.188463,,69.844419
2026.07.31-05.09.38:718,207,PL_SampleFPS,0.000000,0.000000,0.000000,58.910583,16.974878,16.577854,10.218830,16.264170,7.312911,,69.878496
2026.07.31-05.09.38:767,210,PL_SampleFPS,0.000000,0.000000,0.000000,62.068829,16.111147,11.882838,10.320185,16.446350,7.277629,,69.927769
2026.07.31-05.09.38:801,212,PL_SampleFPS,0.000000,0.000000,0.000000,61.267689,16.321817,12.111206,10.451689,16.109571,7.072996,,69.961500
2026.07.31-05.09.38:834,214,PL_SampleFPS,0.000000,0.000000,0.000000,58.311489,17.149279,14.414131,9.569007,16.547705,7.228876,,69.994888
2026.07.31-05.09.38:868,216,PL_SampleFPS,0.000000,0.000000,0.000000,57.053513,17.527405,15.537369,9.969293,16.829315,7.566938,,70.028907
2026.07.31-05.09.38:918,219,PL_SampleFPS,0.000000,0.000000,0.000000,57.385540,17.425993,15.227532,10.402936,16.325752,7.527166,,70.079425
2026.07.31-05.09.38:969,222,PL_SampleFPS,0.000000,0.000000,0.000000,60.460491,16.539726,12.079132,10.348410,16.346279,7.174992,,70.129707
2026.07.31-05.09.39:002,224,PL_SampleFPS,0.000000,0.000000,0.000000,57.912895,17.267311,15.314133,9.818544,16.279564,7.312911,,70.162921
2026.07.31-05.09.39:051,227,PL_SampleFPS,0.000000,0.000000,0.000000,62.350136,16.038458,11.784691,10.246414,16.155117,6.892739,,70.212304
2026.07.31-05.09.39:085,229,PL_SampleFPS,0.000000,0.000000,0.000000,59.279327,16.869287,14.356398,9.231587,16.411068,6.701577,,70.246276
2026.07.31-05.09.39:121,231,PL_SampleFPS,0.000000,0.000000,0.000000,56.204651,17.792122,18.497173,10.128381,16.273792,6.950472,,70.282315
2026.07.31-05.09.39:169,234,PL_SampleFPS,0.000000,0.000000,0.000000,60.018360,16.661568,15.471937,9.993670,16.536158,7.112126,,70.330107
2026.07.31-05.09.39:202,236,PL_SampleFPS,0.000000,0.000000,0.000000,60.037220,16.656334,14.764381,9.507425,16.068516,7.010130,,70.363222
2026.07.31-05.09.39:252,239,PL_SampleFPS,0.000000,0.000000,0.000000,61.267986,16.321737,11.523607,9.447767,16.464312,6.856174,,70.413438
2026.07.31-05.09.39:286,241,PL_SampleFPS,0.000000,0.000000,0.000000,58.644337,17.051945,14.231308,9.743491,16.747206,7.021035,,70.447333
2026.07.31-05.09.39:336,244,PL_SampleFPS,0.000000,0.000000,0.000000,57.870049,17.280096,15.187760,10.136079,16.205153,7.202575,,70.497439
2026.07.31-05.09.39:386,247,PL_SampleFPS,0.000000,0.000000,0.000000,58.654434,17.049009,14.335229,9.577347,16.115345,7.411057,,70.547259
2026.07.31-05.09.39:437,250,PL_SampleFPS,0.000000,0.000000,0.000000,58.782204,17.011951,14.715629,9.937860,16.540649,6.899795,,70.597747
2026.07.31-05.09.39:471,252,PL_SampleFPS,0.000000,0.000000,0.000000,58.893414,16.979828,14.856113,10.189963,16.469444,6.869645,,70.631509
2026.07.31-05.09.39:520,255,PL_SampleFPS,0.000000,0.000000,0.000000,59.300552,16.863249,14.473147,10.007140,16.427107,7.133936,,70.681384
2026.07.31-05.09.39:554,257,PL_SampleFPS,0.000000,0.000000,0.000000,58.972752,16.956984,14.514202,10.191888,16.130098,7.082618,,70.714737
2026.07.31-05.09.39:603,260,PL_SampleFPS,0.000000,0.000000,0.000000,62.167736,16.085514,12.250408,10.150833,16.192324,7.658670,,70.764048
2026.07.31-05.09.39:636,262,PL_SampleFPS,0.000000,0.000000,0.000000,58.399990,17.123291,14.940789,9.490746,16.239792,7.182689,,70.797160
2026.07.31-05.09.39:686,265,PL_SampleFPS,0.000000,0.000000,0.000000,61.692707,16.209372,11.680771,10.663378,16.305223,7.049902,,70.847399
2026.07.31-05.09.39:720,267,PL_SampleFPS,0.000000,0.000000,0.000000,58.486778,17.097881,15.306435,10.313769,16.219265,7.382191,,70.880864
2026.07.31-05.09.39:769,270,PL_SampleFPS,0.000000,0.000000,0.000000,62.439770,16.015434,11.564020,10.140569,16.287262,7.139068,,70.930278
2026.07.31-05.09.39:802,272,PL_SampleFPS,0.000000,0.000000,0.000000,58.080742,17.217411,14.871509,9.886541,15.958823,7.584258,,70.963305
2026.07.31-05.09.39:853,275,PL_SampleFPS,0.000000,0.000000,0.000000,58.041939,17.228922,14.442998,9.760169,16.420691,7.439282,,71.013858
2026.07.31-05.09.39:886,277,PL_SampleFPS,0.000000,0.000000,0.000000,58.401726,17.122782,13.859889,9.651758,16.303942,7.264799,,71.047474
2026.07.31-05.09.39:937,280,PL_SampleFPS,0.000000,0.000000,0.000000,61.274166,16.320091,11.420328,10.353541,16.666380,6.845911,,71.097715
2026.07.31-05.09.39:970,282,PL_SampleFPS,0.000000,0.000000,0.000000,58.002567,17.240616,14.714987,10.311845,16.015915,7.226310,,71.131095
2026.07.31-05.09.40:020,285,PL_SampleFPS,0.000000,0.000000,0.000000,60.601891,16.501135,11.700015,10.758959,16.202587,7.669575,,71.181015
2026.07.31-05.09.40:070,288,PL_SampleFPS,0.000000,0.000000,0.000000,60.861557,16.430733,11.313842,10.616549,16.429672,7.279553,,71.231034
2026.07.31-05.09.40:103,290,PL_SampleFPS,0.000000,0.000000,0.000000,60.244846,16.598930,11.382481,9.720397,16.466236,7.176916,,71.264473
2026.07.31-05.09.40:136,292,PL_SampleFPS,0.000000,0.000000,0.000000,60.051674,16.652325,12.204863,10.600513,16.223114,6.872211,,71.297380
2026.07.31-05.09.40:170,294,PL_SampleFPS,0.000000,0.000000,0.000000,59.756615,16.734549,12.180486,10.547911,16.557327,7.159596,,71.331290
2026.07.31-05.09.40:208,296,PL_SampleFPS,0.000000,0.000000,0.000000,54.806671,18.245955,18.570301,10.148267,16.314205,8.125669,,71.368992
2026.07.31-05.09.40:254,299,PL_SampleFPS,0.000000,0.000000,0.000000,62.225037,16.070702,11.619188,9.912843,16.387335,7.482903,,71.414596
2026.07.31-05.09.40:303,302,PL_SampleFPS,0.000000,0.000000,0.000000,62.031479,16.120848,11.972004,10.358032,16.164740,7.074278,,71.464168
2026.07.31-05.09.40:336,304,PL_SampleFPS,0.000000,0.000000,0.000000,61.473789,16.267096,12.273501,9.126384,16.164097,7.360380,,71.497172
2026.07.31-05.09.40:370,306,PL_SampleFPS,0.000000,0.000000,0.000000,60.687241,16.477928,11.686543,10.333655,16.317411,7.510487,,71.530966
2026.07.31-05.09.40:403,308,PL_SampleFPS,0.000000,0.000000,0.000000,60.472446,16.536457,12.623110,10.177775,16.282772,7.354607,,71.564341
2026.07.31-05.09.40:477,311,PL_SampleFPS,0.000000,0.000000,0.000000,43.062672,23.221968,11.970079,15.325679,16.603514,6.460379,,71.638439
2026.07.31-05.09.40:515,313,PL_SampleFPS,0.000000,0.000000,0.000000,45.500065,21.977991,23.247356,9.984689,22.224833,5.191525,,71.675580
2026.07.31-05.09.40:564,316,PL_SampleFPS,0.000000,0.000000,0.000000,52.081085,19.200829,18.287407,9.472785,18.093679,5.901647,,71.725402
2026.07.31-05.09.40:615,319,PL_SampleFPS,0.000000,0.000000,0.000000,57.706409,17.329098,16.780563,9.299584,17.280920,6.781121,,71.775528
2026.07.31-05.09.40:647,321,PL_SampleFPS,0.000000,0.000000,0.000000,59.102455,16.919771,15.063953,9.303433,17.296316,6.842062,,71.807789
2026.07.31-05.09.40:696,324,PL_SampleFPS,0.000000,0.000000,0.000000,59.773438,16.729839,14.622613,9.322036,17.110285,6.437285,,71.856744
2026.07.31-05.09.40:731,326,PL_SampleFPS,0.000000,0.000000,0.000000,57.996666,17.242371,14.307003,9.323319,17.232809,6.965226,,71.892149
2026.07.31-05.09.40:766,328,PL_SampleFPS,0.000000,0.000000,0.000000,58.580975,17.070389,11.380556,10.047554,17.051270,6.723387,,71.927477
2026.07.31-05.09.40:801,330,PL_SampleFPS,0.000000,0.000000,0.000000,55.691875,17.955940,14.748344,8.459241,16.790827,6.350044,,71.961646
2026.07.31-05.09.40:853,333,PL_SampleFPS,0.000000,0.000000,0.000000,58.837952,16.995832,11.419045,9.764018,17.237299,6.492453,,72.013791
2026.07.31-05.09.40:888,335,PL_SampleFPS,0.000000,0.000000,0.000000,58.009712,17.238493,11.324747,9.774282,17.157755,6.294876,,72.048967
2026.07.31-05.09.40:923,337,PL_SampleFPS,0.000000,0.000000,0.000000,58.114059,17.207541,11.301012,9.543348,17.488119,6.294235,,72.083962
2026.07.31-05.09.40:959,339,PL_SampleFPS,0.000000,0.000000,0.000000,56.893166,17.576803,11.569153,10.331090,17.374577,6.223671,,72.119531
2026.07.31-05.09.40:993,341,PL_SampleFPS,0.000000,0.000000,0.000000,57.683548,17.335966,11.279202,10.142493,16.848560,6.189673,,72.154412
2026.07.31-05.09.41:029,343,PL_SampleFPS,0.000000,0.000000,0.000000,57.993610,17.243279,11.110492,10.767298,17.810785,6.699652,,72.190065
2026.07.31-05.09.41:064,345,PL_SampleFPS,0.000000,0.000000,0.000000,56.079540,17.831816,12.088113,9.753113,17.345711,6.792026,,72.225319
2026.07.31-05.09.41:100,347,PL_SampleFPS,0.000000,0.000000,0.000000,56.424496,17.722799,11.669866,9.032085,17.416914,6.244841,,72.260688
2026.07.31-05.09.41:136,349,PL_SampleFPS,0.000000,0.000000,0.000000,56.664810,17.647636,11.365802,10.000084,17.568304,6.718897,,72.296807
2026.07.31-05.09.41:171,351,PL_SampleFPS,0.000000,0.000000,0.000000,56.164070,17.804977,11.610208,9.903862,17.338654,6.472567,,72.332465
2026.07.31-05.09.41:206,353,PL_SampleFPS,0.000000,0.000000,0.000000,55.135490,18.137138,12.802725,8.490032,17.163528,6.144769,,72.367092
2026.07.31-05.09.41:259,356,PL_SampleFPS,0.000000,0.000000,0.000000,56.428280,17.721611,11.439572,9.250190,17.266808,6.548262,,72.420183
2026.07.31-05.09.41:295,358,PL_SampleFPS,0.000000,0.000000,0.000000,57.175755,17.489931,11.256750,9.919899,17.398952,6.379552,,72.456376
2026.07.31-05.09.41:331,360,PL_SampleFPS,0.000000,0.000000,0.000000,56.886673,17.578810,11.632659,9.810205,17.589474,6.199295,,72.491891
2026.07.31-05.09.41:367,362,PL_SampleFPS,0.000000,0.000000,0.000000,55.906330,17.887062,11.337577,9.774923,17.177641,6.275632,,72.527684
2026.07.31-05.09.41:402,364,PL_SampleFPS,0.000000,0.000000,0.000000,56.365490,17.741352,11.237506,9.531801,17.148132,6.180692,,72.563099
2026.07.31-05.09.41:437,366,PL_SampleFPS,0.000000,0.000000,0.000000,56.318794,17.756062,12.106715,9.201437,17.447706,6.203785,,72.598218
2026.07.31-05.09.41:473,368,PL_SampleFPS,0.000000,0.000000,0.000000,56.441132,17.717575,11.573643,9.502934,17.287334,6.110129,,72.633512
2026.07.31-05.09.41:509,370,PL_SampleFPS,0.000000,0.000000,0.000000,56.104397,17.823915,11.472930,10.073854,17.717129,6.488604,,72.669616
2026.07.31-05.09.41:545,372,PL_SampleFPS,0.000000,0.000000,0.000000,56.135670,17.813986,11.219544,10.292601,17.601662,7.001791,,72.705512
2026.07.31-05.09.41:580,374,PL_SampleFPS,0.000000,0.000000,0.000000,56.119350,17.819166,11.226601,9.592742,17.311069,5.920891,,72.741059
2026.07.31-05.09.41:617,376,PL_SampleFPS,0.000000,0.000000,0.000000,56.526672,17.690763,11.275353,10.659529,17.554192,7.019753,,72.777734
2026.07.31-05.09.41:652,378,PL_SampleFPS,0.000000,0.000000,0.000000,57.066422,17.523439,11.286900,10.088609,17.622831,6.484114,,72.813113
2026.07.31-05.09.41:688,380,PL_SampleFPS,0.000000,0.000000,0.000000,55.515282,18.013058,12.090037,9.202079,17.601021,6.278839,,72.848725
2026.07.31-05.09.41:723,382,PL_SampleFPS,0.000000,0.000000,0.000000,56.552353,17.682730,11.360029,10.039856,17.419481,6.412268,,72.884427
2026.07.31-05.09.41:760,384,PL_SampleFPS,0.000000,0.000000,0.000000,56.484653,17.703924,11.369651,9.933370,17.601662,6.505924,,72.920571
2026.07.31-05.09.41:795,386,PL_SampleFPS,0.000000,0.000000,0.000000,56.719616,17.630585,11.186829,10.427954,17.145567,6.724029,,72.956276
2026.07.31-05.09.41:830,388,PL_SampleFPS,0.000000,0.000000,0.000000,56.522888,17.691948,11.292031,10.139928,17.225752,6.631013,,72.990962
2026.07.31-05.09.41:866,390,PL_SampleFPS,0.000000,0.000000,0.000000,56.180752,17.799690,11.178489,10.071930,17.350842,6.610486,,73.027309
2026.07.31-05.09.41:902,392,PL_SampleFPS,0.000000,0.000000,0.000000,56.074646,17.833372,11.002723,9.442636,17.326466,6.287179,,73.062935
2026.07.31-05.09.41:937,394,PL_SampleFPS,0.000000,0.000000,0.000000,56.555363,17.681789,11.233657,9.531159,17.263599,6.660522,,73.098033
2026.07.31-05.09.41:973,396,PL_SampleFPS,0.000000,0.000000,0.000000,56.316399,17.756817,11.205431,10.285544,17.460535,6.665012,,73.133720
2026.07.31-05.09.42:008,398,PL_SampleFPS,0.000000,0.000000,0.000000,56.120659,17.818750,11.437007,10.469008,17.062174,6.487963,,73.169365
2026.07.31-05.09.42:044,400,PL_SampleFPS,0.000000,0.000000,0.000000,56.655132,17.650652,11.440856,10.791033,17.406010,6.784969,,73.204813
2026.07.31-05.09.42:079,402,PL_SampleFPS,0.000000,0.000000,0.000000,56.542412,17.685839,11.192602,9.825601,17.556116,6.813836,,73.240222
2026.07.31-05.09.42:116,404,PL_SampleFPS,0.000000,0.000000,0.000000,56.047363,17.842052,11.405574,10.282337,18.068020,6.935077,,73.277273
2026.07.31-05.09.42:152,406,PL_SampleFPS,0.000000,0.000000,0.000000,55.605816,17.983730,11.435082,9.814054,17.717129,6.691313,,73.312714
2026.07.31-05.09.42:188,408,PL_SampleFPS,0.000000,0.000000,0.000000,55.772797,17.929888,11.055965,10.107212,17.420122,6.909417,,73.348706
2026.07.31-05.09.42:223,410,PL_SampleFPS,0.000000,0.000000,0.000000,55.885555,17.893711,11.180413,9.696663,17.368803,6.304499,,73.383917
2026.07.31-05.09.42:259,412,PL_SampleFPS,0.000000,0.000000,0.000000,54.108395,18.481421,13.426247,9.288037,17.573437,6.985754,,73.419657
2026.07.31-05.09.42:294,414,PL_SampleFPS,0.000000,0.000000,0.000000,56.166439,17.804226,11.394028,9.604289,17.529175,6.482189,,73.455123
2026.07.31-05.09.42:331,416,PL_SampleFPS,0.000000,0.000000,0.000000,56.091022,17.828165,11.177848,10.163021,17.650415,6.416758,,73.491722
2026.07.31-05.09.42:388,418,PL_SampleFPS,0.000000,0.000000,0.000000,41.566563,24.057798,14.145991,8.801151,17.258469,7.763873,,73.549057
2026.07.31-05.09.42:434,421,PL_SampleFPS,0.000000,0.000000,0.000000,52.267040,19.132517,17.410500,10.545986,17.579851,0.664577,,73.594990
2026.07.31-05.09.42:477,424,PL_SampleFPS,0.000000,0.000000,0.000000,60.579311,16.507286,12.322254,12.530094,17.796673,6.867721,,73.638018
2026.07.31-05.09.42:531,427,PL_SampleFPS,0.000000,0.000000,0.000000,60.161476,16.621933,13.616767,12.543566,18.329103,6.634221,,73.692004
2026.07.31-05.09.42:569,429,PL_SampleFPS,0.000000,0.000000,0.000000,57.394119,17.423388,12.905362,13.023396,18.483702,7.083259,,73.729662
2026.07.31-05.09.42:605,431,PL_SampleFPS,0.000000,0.000000,0.000000,55.810585,17.917747,12.915626,12.103508,17.786409,6.227520,,73.765599
2026.07.31-05.09.42:642,433,PL_SampleFPS,0.000000,0.000000,0.000000,55.927357,17.880337,12.177279,12.081697,18.429176,6.753537,,73.802499
2026.07.31-05.09.42:679,435,PL_SampleFPS,0.000000,0.000000,0.000000,55.029007,18.172234,12.594884,12.074641,18.580566,6.370571,,73.839528
2026.07.31-05.09.42:716,437,PL_SampleFPS,0.000000,0.000000,0.000000,53.942654,18.538206,14.289042,12.277991,18.232882,6.663729,,73.876807
2026.07.31-05.09.42:753,439,PL_SampleFPS,0.000000,0.000000,0.000000,54.079937,18.491146,12.394100,12.168298,18.533096,7.420680,,73.914429
2026.07.31-05.09.42:790,441,PL_SampleFPS,0.000000,0.000000,0.000000,54.320747,18.409172,13.064450,12.172147,17.791540,6.191597,,73.951479
2026.07.31-05.09.42:827,443,PL_SampleFPS,0.000000,0.000000,0.000000,54.572247,18.324333,12.465946,11.909139,18.077642,6.879268,,73.987496
2026.07.31-05.09.42:864,445,PL_SampleFPS,0.000000,0.000000,0.000000,54.167175,18.461365,12.393458,12.383837,18.246994,6.425097,,74.024830
2026.07.31-05.09.42:901,447,PL_SampleFPS,0.000000,0.000000,0.000000,54.056534,18.499151,12.261954,12.329310,18.439440,6.275632,,74.062139
2026.07.31-05.09.42:938,449,PL_SampleFPS,0.000000,0.000000,0.000000,53.893280,18.555189,13.311421,12.243993,17.971798,6.729802,,74.099217
2026.07.31-05.09.42:975,451,PL_SampleFPS,0.000000,0.000000,0.000000,54.291805,18.418985,12.883552,12.437721,18.009005,6.964585,,74.135767
2026.07.31-05.09.43:011,453,PL_SampleFPS,0.000000,0.000000,0.000000,54.681778,18.287628,12.074641,11.853971,17.704300,6.858740,,74.171994
2026.07.31-05.09.43:047,455,PL_SampleFPS,0.000000,0.000000,0.000000,54.848957,18.231888,12.829667,11.596736,18.123829,6.556602,,74.208271
2026.07.31-05.09.43:084,457,PL_SampleFPS,0.000000,0.000000,0.000000,54.805141,18.246464,11.794954,11.750051,17.928818,6.400721,,74.245105
2026.07.31-05.09.43:120,459,PL_SampleFPS,0.000000,0.000000,0.000000,53.485840,18.696537,12.756538,9.173212,17.765882,6.659239,,74.281312
2026.07.31-05.09.43:157,461,PL_SampleFPS,0.000000,0.000000,0.000000,55.621082,17.978794,13.186332,11.449837,17.494534,6.306423,,74.317729
2026.07.31-05.09.43:193,463,PL_SampleFPS,0.000000,0.000000,0.000000,55.631481,17.975433,11.982909,11.802011,17.728035,6.536716,,74.354040
2026.07.31-05.09.43:230,465,PL_SampleFPS,0.000000,0.000000,0.000000,53.836422,18.574785,14.129313,11.920044,18.080208,7.060166,,74.390534
2026.07.31-05.09.43:291,467,PL_SampleFPS,0.000000,0.000000,0.000000,55.360493,18.063423,12.029737,11.230450,18.118698,5.991455,,74.451858
2026.07.31-05.09.43:306,468,PL_SampleFPS,0.000000,0.000000,0.000000,41.170921,24.288988,14.042712,11.805860,18.395819,8.280909,,74.467211
2026.07.31-05.09.43:343,470,PL_SampleFPS,0.000000,0.000000,0.000000,44.170696,22.639444,23.881142,11.827028,18.437515,2.049539,,74.504439
2026.07.31-05.09.43:381,472,PL_SampleFPS,0.000000,0.000000,0.000000,46.878975,21.331524,23.279430,12.231805,18.807009,0.910265,,74.542310
2026.07.31-05.09.43:423,474,PL_SampleFPS,0.000000,0.000000,0.000000,46.937370,21.304985,25.214787,11.556964,19.331100,12.398590,,74.584392
2026.07.31-05.09.43:466,476,PL_SampleFPS,0.000000,0.000000,0.000000,46.566299,21.474758,27.260477,12.330593,18.727465,0.418889,,74.627394
2026.07.31-05.09.43:527,479,PL_SampleFPS,0.000000,0.000000,0.000000,46.385201,21.558599,26.404737,15.427033,18.988548,0.681897,,74.687684
2026.07.31-05.09.43:558,481,PL_SampleFPS,0.000000,0.000000,0.000000,50.995743,19.609480,16.733734,11.093813,19.098242,1.405490,,74.718708
2026.07.31-05.09.43:596,483,PL_SampleFPS,0.000000,0.000000,0.000000,52.010437,19.226910,16.396315,11.393386,18.280352,7.604785,,74.757426
2026.07.31-05.09.43:641,486,PL_SampleFPS,0.000000,0.000000,0.000000,60.249794,16.597567,15.325038,11.100869,18.438156,2.759661,,74.801685
2026.07.31-05.09.43:689,489,PL_SampleFPS,0.000000,0.000000,0.000000,66.160637,15.114728,13.446133,12.305575,18.419554,6.723387,,74.850289
2026.07.31-05.09.43:726,491,PL_SampleFPS,0.000000,0.000000,0.000000,60.059124,16.650259,12.062453,12.020115,18.496531,6.790102,,74.887270
2026.07.31-05.09.43:764,493,PL_SampleFPS,0.000000,0.000000,0.000000,56.162807,17.805378,12.183694,3.631437,18.820480,6.383401,,74.924610
2026.07.31-05.09.43:799,495,PL_SampleFPS,0.000000,0.000000,0.000000,56.194592,17.795307,10.051403,3.641060,1.765362,16.640720,,74.960132
2026.07.31-05.09.43:832,497,PL_SampleFPS,0.000000,0.000000,0.000000,57.889191,17.274382,11.048909,4.792522,1.996938,16.242359,,74.992998
2026.07.31-05.09.43:865,499,PL_SampleFPS,0.000000,0.000000,0.000000,58.849384,16.992531,11.026458,4.308844,2.142555,0.011547,,75.026464
2026.07.31-05.09.43:899,501,PL_SampleFPS,0.000000,0.000000,0.000000,59.134159,16.910700,11.273429,6.026736,2.138705,16.219265,,75.059893
2026.07.31-05.09.43:932,503,PL_SampleFPS,0.000000,0.000000,0.000000,59.459480,16.818176,13.105505,4.324881,2.204137,15.752907,,75.093033
2026.07.31-05.09.43:966,505,PL_SampleFPS,0.000000,0.000000,0.000000,58.571354,17.073193,11.528739,4.687319,1.950109,15.727247,,75.126644
2026.07.31-05.09.43:999,507,PL_SampleFPS,0.000000,0.000000,0.000000,57.914707,17.266771,13.370438,6.044698,2.102782,15.992180,,75.160255
2026.07.31-05.09.44:049,510,PL_SampleFPS,0.000000,0.000000,0.000000,60.934181,16.411150,11.551191,5.802217,1.224592,15.500804,,75.209767
2026.07.31-05.09.44:100,513,PL_SampleFPS,0.000000,0.000000,0.000000,59.944252,16.682167,12.209352,5.378838,1.798719,16.267376,,75.261262
2026.07.31-05.09.44:149,516,PL_SampleFPS,0.000000,0.000000,0.000000,60.421242,16.550470,10.828239,3.520461,1.233572,15.532237,,75.310027
2026.07.31-05.09.44:182,518,PL_SampleFPS,0.000000,0.000000,0.000000,59.931484,16.685720,11.231091,2.759020,1.344549,15.497597,,75.342976
2026.07.31-05.09.44:215,520,PL_SampleFPS,0.000000,0.000000,0.000000,58.793633,17.008644,12.560245,2.814829,1.217535,0.060941,,75.376390
2026.07.31-05.09.44:266,523,PL_SampleFPS,0.000000,0.000000,0.000000,60.152473,16.624420,12.174713,4.900933,2.094443,0.010264,,75.427098
2026.07.31-05.09.44:316,526,PL_SampleFPS,0.000000,0.000000,0.000000,59.736710,16.740126,10.068723,2.871921,1.225233,0.118674,,75.476564
2026.07.31-05.09.44:366,529,PL_SampleFPS,0.000000,0.000000,0.000000,60.357243,16.568020,11.098945,4.428801,2.116895,0.033999,,75.527124
2026.07.31-05.09.44:399,531,PL_SampleFPS,0.000000,0.000000,0.000000,60.042393,16.654900,12.469153,5.805424,2.060445,16.187191,,75.560457
2026.07.31-05.09.44:433,533,PL_SampleFPS,0.000000,0.000000,0.000000,57.447479,17.407204,14.532164,4.279977,2.241343,16.226322,,75.593618
2026.07.31-05.09.44:482,536,PL_SampleFPS,0.000000,0.000000,0.000000,57.346905,17.437733,13.698877,2.825734,1.331719,15.476428,,75.643448
2026.07.31-05.09.44:533,539,PL_SampleFPS,0.000000,0.000000,0.000000,60.649288,16.488239,12.176637,4.864368,2.227872,16.173719,,75.693672
2026.07.31-05.09.44:566,541,PL_SampleFPS,0.000000,0.000000,0.000000,60.050766,16.652576,11.275353,4.371068,2.120744,0.066714,,75.727057
2026.07.31-05.09.44:616,544,PL_SampleFPS,0.000000,0.000000,0.000000,59.836128,16.712311,10.384333,2.878977,1.230365,0.064148,,75.776883
2026.07.31-05.09.44:649,546,PL_SampleFPS,0.000000,0.000000,0.000000,59.672832,16.758045,10.784618,3.460803,1.229082,15.492465,,75.810431
2026.07.31-05.09.44:700,549,PL_SampleFPS,0.000000,0.000000,0.000000,60.227005,16.603848,11.863593,5.712409,2.073274,16.207077,,75.860713
2026.07.31-05.09.44:749,552,PL_SampleFPS,0.000000,0.000000,0.000000,59.476357,16.813404,10.258602,3.905992,1.232290,15.496313,,75.910480
2026.07.31-05.09.44:800,555,PL_SampleFPS,0.000000,0.000000,0.000000,60.320133,16.578213,12.367158,5.585396,1.921243,16.203228,,75.960676
2026.07.31-05.09.44:848,557,PL_SampleFPS,0.000000,0.000000,0.000000,45.468502,21.993248,9.649193,2.936711,1.243195,9.651117,,76.009001
2026.07.31-05.09.44:899,561,PL_SampleFPS,0.000000,0.000000,0.000000,68.256233,14.650677,9.580554,1.739703,1.174556,16.113420,,76.060407
2026.07.31-05.09.44:932,563,PL_SampleFPS,0.000000,0.000000,0.000000,64.458702,15.513809,10.236792,1.084748,0.908982,16.094818,,76.093491
2026.07.31-05.09.44:966,565,PL_SampleFPS,0.000000,0.000000,0.000000,61.899189,16.155300,10.844917,2.773774,0.779402,0.004490,,76.126994
2026.07.31-05.09.45:016,568,PL_SampleFPS,0.000000,0.000000,0.000000,60.619453,16.496355,9.790960,1.186744,0.637634,0.043621,,76.176868
2026.07.31-05.09.45:049,570,PL_SampleFPS,0.000000,0.000000,0.000000,60.228237,16.603508,10.094382,1.741627,0.642125,15.861318,,76.210322
2026.07.31-05.09.45:099,573,PL_SampleFPS,0.000000,0.000000,0.000000,59.961094,16.677481,10.449122,4.220319,1.006487,15.926749,,76.260398
2026.07.31-05.09.45:149,576,PL_SampleFPS,0.000000,0.000000,0.000000,58.322922,17.145918,11.715410,1.893017,0.629295,15.957541,,76.310404
2026.07.31-05.09.45:200,579,PL_SampleFPS,0.000000,0.000000,0.000000,60.449520,16.542728,10.377918,3.417182,1.020600,16.003727,,76.360701
2026.07.31-05.09.45:233,581,PL_SampleFPS,0.000000,0.000000,0.000000,60.089062,16.641964,10.413841,2.696796,1.164934,15.986407,,76.393686
2026.07.31-05.09.45:266,583,PL_SampleFPS,0.000000,0.000000,0.000000,59.798061,16.722950,9.973142,2.961087,1.080258,0.094298,,76.427117
2026.07.31-05.09.45:316,586,PL_SampleFPS,0.000000,0.000000,0.000000,59.729092,16.742260,9.785829,1.137991,0.643408,0.022452,,76.477208
2026.07.31-05.09.45:366,589,PL_SampleFPS,0.000000,0.000000,0.000000,59.712719,16.746851,10.515837,2.668571,1.165575,0.065431,,76.527278
2026.07.31-05.09.45:400,591,PL_SampleFPS,0.000000,0.000000,0.000000,60.402824,16.555517,10.862238,3.511480,1.182895,16.173079,,76.561000
2026.07.31-05.09.45:450,594,PL_SampleFPS,0.000000,0.000000,0.000000,60.092369,16.641048,9.659456,1.825020,0.635710,15.621403,,76.610912
2026.07.31-05.09.45:483,596,PL_SampleFPS,0.000000,0.000000,0.000000,59.967430,16.675718,9.740283,1.082182,0.728084,15.623969,,76.643885
2026.07.31-05.09.45:516,598,PL_SampleFPS,0.000000,0.000000,0.000000,59.741451,16.738796,9.889749,1.097578,0.632503,0.079544,,76.677293
2026.07.31-05.09.45:567,601,PL_SampleFPS,0.000000,0.000000,0.000000,59.966534,16.675968,9.975708,3.061159,1.434357,0.133429,,76.727612
2026.07.31-05.09.45:600,603,PL_SampleFPS,0.000000,0.000000,0.000000,60.250778,16.597296,10.790392,3.434502,1.478619,16.250057,,76.761259
2026.07.31-05.09.45:650,606,PL_SampleFPS,0.000000,0.000000,0.000000,57.601177,17.360756,12.286972,1.853887,0.635710,15.603441,,76.811014
2026.07.31-05.09.45:700,609,PL_SampleFPS,0.000000,0.000000,0.000000,60.419586,16.550924,11.221468,3.405635,1.525447,16.315487,,76.861362
2026.07.31-05.09.45:750,612,PL_SampleFPS,0.000000,0.000000,0.000000,57.735622,17.320330,12.415911,1.755098,0.635710,15.498879,,76.911060
2026.07.31-05.09.45:801,615,PL_SampleFPS,0.000000,0.000000,0.000000,60.443081,16.544491,10.065516,4.074061,1.541484,16.245565,,76.961526
2026.07.31-05.09.45:834,617,PL_SampleFPS,0.000000,0.000000,0.000000,60.357929,16.567831,9.638288,3.229227,1.599218,16.234661,,76.994586
2026.07.31-05.09.45:867,619,PL_SampleFPS,0.000000,0.000000,0.000000,60.154819,16.623772,10.746771,2.671137,1.546616,0.024376,,77.027965
2026.07.31-05.09.45:917,622,PL_SampleFPS,0.000000,0.000000,0.000000,59.885887,16.698425,9.325885,1.187386,0.633786,0.132787,,77.077715
2026.07.31-05.09.45:950,624,PL_SampleFPS,0.000000,0.000000,0.000000,59.731739,16.741518,9.782621,1.777550,0.638276,15.533520,,77.111270
2026.07.31-05.09.46:001,627,PL_SampleFPS,0.000000,0.000000,0.000000,60.315128,16.579588,9.536933,3.967575,1.527372,16.291111,,77.161646
2026.07.31-05.09.46:034,629,PL_SampleFPS,0.000000,0.000000,0.000000,60.066734,16.648149,9.809564,3.402428,1.603067,16.187191,,77.194854
2026.07.31-05.09.46:067,631,PL_SampleFPS,0.000000,0.000000,0.000000,60.219486,16.605921,10.166228,2.771850,1.546616,0.021810,,77.228311
2026.07.31-05.09.46:101,633,PL_SampleFPS,0.000000,0.000000,0.000000,60.417061,16.551617,9.803148,3.408201,1.511335,16.277639,,77.261725
2026.07.31-05.09.46:134,635,PL_SampleFPS,0.000000,0.000000,0.000000,60.089985,16.641708,10.377918,2.694872,1.633217,16.261602,,77.295035
2026.07.31-05.09.46:167,637,PL_SampleFPS,0.000000,0.000000,0.000000,59.845406,16.709721,10.297732,2.727587,1.557522,0.045545,,77.328296
2026.07.31-05.09.46:201,639,PL_SampleFPS,0.000000,0.000000,0.000000,59.815594,16.718048,10.107212,3.524310,1.525447,16.289829,,77.361972
2026.07.31-05.09.46:234,641,PL_SampleFPS,0.000000,0.000000,0.000000,60.295994,16.584850,9.839713,2.683966,1.640914,16.259037,,77.394963
2026.07.31-05.09.46:267,643,PL_SampleFPS,0.000000,0.000000,0.000000,60.091240,16.641361,9.772358,3.353034,1.535711,0.075695,,77.428374
2026.07.31-05.09.46:301,645,PL_SampleFPS,0.000000,0.000000,0.000000,58.203941,17.180967,12.449909,3.428087,1.536994,16.312922,,77.461949
2026.07.31-05.09.46:351,648,PL_SampleFPS,0.000000,0.000000,0.000000,60.476192,16.535433,9.352827,3.358166,0.640842,15.584197,,77.511676
2026.07.31-05.09.46:384,650,PL_SampleFPS,0.000000,0.000000,0.000000,59.809357,16.719791,9.751830,1.113615,1.057806,15.456542,,77.544790
2026.07.31-05.09.46:417,652,PL_SampleFPS,0.000000,0.000000,0.000000,57.451748,17.405910,12.812347,1.109766,0.636351,0.027584,,77.578216
2026.07.31-05.09.46:468,655,PL_SampleFPS,0.000000,0.000000,0.000000,60.348835,16.570328,9.622251,1.121954,1.551748,0.051960,,77.628673
2026.07.31-05.09.46:501,657,PL_SampleFPS,0.000000,0.000000,0.000000,60.175610,16.618029,11.592887,3.533290,1.018676,16.252623,,77.662204
2026.07.31-05.09.46:551,660,PL_SampleFPS,0.000000,0.000000,0.000000,60.025131,16.659689,9.817262,1.766004,0.638917,15.530953,,77.711858
2026.07.31-05.09.46:584,662,PL_SampleFPS,0.000000,0.000000,0.000000,59.723507,16.743826,9.704360,1.125803,0.733857,15.527104,,77.745065
2026.07.31-05.09.46:617,664,PL_SampleFPS,0.000000,0.000000,0.000000,59.568470,16.787405,9.919257,1.121313,0.640200,0.100713,,77.778402
2026.07.31-05.09.46:668,667,PL_SampleFPS,0.000000,0.000000,0.000000,60.156113,16.623415,9.525387,2.821885,1.530579,0.031433,,77.828761
2026.07.31-05.09.46:701,669,PL_SampleFPS,0.000000,0.000000,0.000000,60.053795,16.651737,9.880768,4.081117,1.540843,16.315487,,77.862415
2026.07.31-05.09.46:734,671,PL_SampleFPS,0.000000,0.000000,0.000000,59.904285,16.693296,10.898803,2.711550,1.187386,15.816414,,77.895303
2026.07.31-05.09.46:784,674,PL_SampleFPS,0.000000,0.000000,0.000000,58.939915,16.966431,10.880840,1.084748,0.728084,15.572008,,77.945207
2026.07.31-05.09.46:835,677,PL_SampleFPS,0.000000,0.000000,0.000000,60.259415,16.594917,9.826242,1.097578,1.582539,16.268660,,77.995707
2026.07.31-05.09.46:868,679,PL_SampleFPS,0.000000,0.000000,0.000000,58.988876,16.952349,12.057322,2.674344,0.964149,0.006415,,78.028918
2026.07.31-05.09.46:918,682,PL_SampleFPS,0.000000,0.000000,0.000000,57.845322,17.287483,12.067585,2.732078,0.638917,0.126372,,78.078705
2026.07.31-05.09.46:968,685,PL_SampleFPS,0.000000,0.000000,0.000000,59.915302,16.690228,10.197661,1.211762,0.894869,0.211048,,78.129077
2026.07.31-05.09.47:002,687,PL_SampleFPS,0.000000,0.000000,0.000000,60.033146,16.657465,10.276564,3.352392,0.852531,16.178211,,78.162515
2026.07.31-05.09.47:035,689,PL_SampleFPS,0.000000,0.000000,0.000000,58.227100,17.174133,12.273501,1.068711,1.266288,16.129457,,78.195626
2026.07.31-05.09.47:084,692,PL_SampleFPS,0.000000,0.000000,0.000000,60.626652,16.494396,9.894239,2.690381,1.075126,15.670797,,78.245481
2026.07.31-05.09.47:118,694,PL_SampleFPS,0.000000,0.000000,0.000000,60.078197,16.644974,9.894239,3.297225,0.982753,0.037848,,78.278922
2026.07.31-05.09.47:168,697,PL_SampleFPS,0.000000,0.000000,0.000000,59.930176,16.686085,9.923106,1.112974,0.731291,0.069280,,78.329056
2026.07.31-05.09.47:218,700,PL_SampleFPS,0.000000,0.000000,0.000000,57.783962,17.305840,12.050906,2.762869,0.634427,0.087242,,78.378979
2026.07.31-05.09.47:268,703,PL_SampleFPS,0.000000,0.000000,0.000000,60.482330,16.533754,10.125814,1.095012,0.633144,0.076978,,78.429000
2026.07.31-05.09.47:302,705,PL_SampleFPS,0.000000,0.000000,0.000000,59.968277,16.675484,9.887824,3.978480,0.672275,15.999878,,78.462752
2026.07.31-05.09.47:352,708,PL_SampleFPS,0.000000,0.000000,0.000000,59.935940,16.684481,9.662023,3.499292,0.638276,15.900448,,78.512823
2026.07.31-05.09.47:385,710,PL_SampleFPS,0.000000,0.000000,0.000000,60.432964,16.547260,9.386185,1.113615,1.066145,15.766378,,78.545805
2026.07.31-05.09.47:418,712,PL_SampleFPS,0.000000,0.000000,0.000000,59.942429,16.682674,10.082194,2.775698,0.633144,0.055809,,78.579335
2026.07.31-05.09.47:452,714,PL_SampleFPS,0.000000,0.000000,0.000000,59.685425,16.754509,10.510705,4.126021,0.970564,15.763170,,78.612792
2026.07.31-05.09.47:485,716,PL_SampleFPS,0.000000,0.000000,0.000000,60.052864,16.651995,10.064874,2.707701,1.071919,15.737512,,78.645905
2026.07.31-05.09.47:518,718,PL_SampleFPS,0.000000,0.000000,0.000000,59.135899,16.910202,10.021894,2.774415,0.973772,0.015396,,78.679302
2026.07.31-05.09.47:569,721,PL_SampleFPS,0.000000,0.000000,0.000000,60.178005,16.617367,9.886541,1.087314,0.899360,0.088525,,78.729576
2026.07.31-05.09.47:602,723,PL_SampleFPS,0.000000,0.000000,0.000000,59.962646,16.677050,9.840355,1.841057,0.912189,16.204512,,78.763277
2026.07.31-05.09.47:635,725,PL_SampleFPS,0.000000,0.000000,0.000000,59.905113,16.693066,9.878202,1.145048,1.120671,16.221830,,78.796336
2026.07.31-05.09.47:669,727,PL_SampleFPS,0.000000,0.000000,0.000000,59.652008,16.763895,9.889749,1.242553,0.965432,0.102637,,78.829837
2026.07.31-05.09.47:718,730,PL_SampleFPS,0.000000,0.000000,0.000000,59.950741,16.680361,9.973142,2.794302,0.973130,0.022452,,78.879488
2026.07.31-05.09.47:752,732,PL_SampleFPS,0.000000,0.000000,0.000000,59.740669,16.739016,9.975066,4.209414,0.971206,15.530313,,78.913111
2026.07.31-05.09.47:803,735,PL_SampleFPS,0.000000,0.000000,0.000000,60.394363,16.557837,9.751830,1.813473,1.019317,16.303299,,78.963490
2026.07.31-05.09.47:836,737,PL_SampleFPS,0.000000,0.000000,0.000000,60.062351,16.649364,9.882051,1.121954,1.296438,16.308432,,78.996654
2026.07.31-05.09.47:869,739,PL_SampleFPS,0.000000,0.000000,0.000000,60.425526,16.549297,9.376562,1.165575,1.013544,0.066714,,79.030044
2026.07.31-05.09.47:903,741,PL_SampleFPS,0.000000,0.000000,0.000000,60.121143,16.633083,9.699870,1.901998,1.029581,16.205153,,79.063586
2026.07.31-05.09.47:936,743,PL_SampleFPS,0.000000,0.000000,0.000000,60.094425,16.640478,9.900654,1.064862,1.298362,16.294960,,79.096683
2026.07.31-05.09.47:969,745,PL_SampleFPS,0.000000,0.000000,0.000000,59.803791,16.721348,10.027026,1.077692,1.025090,0.043621,,79.130070
2026.07.31-05.09.48:003,747,PL_SampleFPS,0.000000,0.000000,0.000000,60.806988,16.445478,10.579344,1.898149,1.018676,16.318054,,79.163927
2026.07.31-05.09.48:036,749,PL_SampleFPS,0.000000,0.000000,0.000000,60.687592,16.477833,9.879485,1.159160,0.898077,15.883769,,79.196599
2026.07.31-05.09.48:069,751,PL_SampleFPS,0.000000,0.000000,0.000000,60.246468,16.598484,9.842279,1.123879,1.018676,0.083393,,79.230205
2026.07.31-05.09.48:119,754,PL_SampleFPS,0.000000,0.000000,0.000000,59.488079,16.810091,11.526173,2.857167,0.970564,0.023093,,79.280028
2026.07.31-05.09.48:169,757,PL_SampleFPS,0.000000,0.000000,0.000000,60.191830,16.613550,9.412485,1.100785,1.019317,0.153315,,79.330294
2026.07.31-05.09.48:203,759,PL_SampleFPS,0.000000,0.000000,0.000000,59.996609,16.667608,9.807639,1.800002,1.023807,16.225679,,79.363858
2026.07.31-05.09.48:253,762,PL_SampleFPS,0.000000,0.000000,0.000000,60.043877,16.654488,9.521538,4.042628,0.978904,15.486691,,79.413616
2026.07.31-05.09.48:286,764,PL_SampleFPS,0.000000,0.000000,0.000000,59.765766,16.731987,10.342636,2.787887,1.078333,15.483484,,79.446900
2026.07.31-05.09.48:319,766,PL_SampleFPS,0.000000,0.000000,0.000000,60.250072,16.597490,10.501724,2.723738,0.982753,0.035282,,79.480103
2026.07.31-05.09.48:370,769,PL_SampleFPS,0.000000,0.000000,0.000000,57.515984,17.386471,12.566017,1.120671,1.022524,0.141768,,79.530599
2026.07.31-05.09.48:419,772,PL_SampleFPS,0.000000,0.000000,0.000000,60.338280,16.573227,10.252829,2.721814,0.975055,0.016679,,79.580297
2026.07.31-05.09.48:453,774,PL_SampleFPS,0.000000,0.000000,0.000000,59.924469,16.687674,11.209280,3.355599,0.975055,15.476428,,79.613780
2026.07.31-05.09.48:486,776,PL_SampleFPS,0.000000,0.000000,0.000000,59.608467,16.776140,10.483763,2.785321,1.067428,15.495030,,79.646950
2026.07.31-05.09.48:519,778,PL_SampleFPS,0.000000,0.000000,0.000000,58.068268,17.221109,11.582623,2.771850,0.984677,0.016037,,79.680308
2026.07.31-05.09.48:570,781,PL_SampleFPS,0.000000,0.000000,0.000000,60.270332,16.591911,9.426598,1.126445,1.019958,0.094298,,79.730781
2026.07.31-05.09.48:619,784,PL_SampleFPS,0.000000,0.000000,0.000000,60.067886,16.647831,10.053968,2.758379,0.973772,0.019886,,79.780383
2026.07.31-05.09.48:653,786,PL_SampleFPS,0.000000,0.000000,0.000000,59.749786,16.736462,10.613984,3.452463,0.980187,15.540576,,79.814040
2026.07.31-05.09.48:686,788,PL_SampleFPS,0.000000,0.000000,0.000000,59.526463,16.799252,11.179131,2.685249,1.057806,15.448202,,79.847086
2026.07.31-05.09.48:720,790,PL_SampleFPS,0.000000,0.000000,0.000000,59.610046,16.775696,10.310562,2.729512,0.971847,0.040413,,79.880577
2026.07.31-05.09.48:753,792,PL_SampleFPS,0.000000,0.000000,0.000000,59.686722,16.754145,10.111061,3.988102,0.971206,15.541859,,79.914153
2026.07.31-05.09.48:804,795,PL_SampleFPS,0.000000,0.000000,0.000000,60.534473,16.519512,9.314339,1.773702,1.019958,16.298168,,79.964540
2026.07.31-05.09.48:837,797,PL_SampleFPS,0.000000,0.000000,0.000000,60.343063,16.571913,9.825601,1.082182,1.300928,16.293036,,79.997613
2026.07.31-05.09.48:870,799,PL_SampleFPS,0.000000,0.000000,0.000000,60.114471,16.634930,9.660739,1.115540,1.019958,0.085317,,80.031086
2026.07.31-05.09.48:904,801,PL_SampleFPS,0.000000,0.000000,0.000000,59.963802,16.676727,9.876278,1.826303,0.996224,16.254547,,80.064668
2026.07.31-05.09.48:953,804,PL_SampleFPS,0.000000,0.000000,0.000000,59.904037,16.693365,10.874426,3.464652,0.978262,15.482842,,80.114365
2026.07.31-05.09.48:986,806,PL_SampleFPS,0.000000,0.000000,0.000000,60.149761,16.625170,10.574212,2.666646,1.052674,15.542500,,80.147367
2026.07.31-05.09.49:020,808,PL_SampleFPS,0.000000,0.000000,0.000000,59.770855,16.730562,9.799300,2.735285,0.969923,0.073771,,80.180761
2026.07.31-05.09.49:053,810,PL_SampleFPS,0.000000,0.000000,0.000000,59.589451,16.781494,9.765301,4.000290,0.975055,15.609215,,80.214477
2026.07.31-05.09.49:087,812,PL_SampleFPS,0.000000,0.000000,0.000000,59.992485,16.668755,10.180983,2.991237,1.062296,15.591253,,80.247502
2026.07.31-05.09.49:120,814,PL_SampleFPS,0.000000,0.000000,0.000000,60.043705,16.654535,10.212415,2.645477,0.971847,0.042338,,80.280844
2026.07.31-05.09.49:170,817,PL_SampleFPS,0.000000,0.000000,0.000000,59.862911,16.704834,9.846769,1.196366,0.839702,0.080827,,80.331256
2026.07.31-05.09.49:220,820,PL_SampleFPS,0.000000,0.000000,0.000000,59.774506,16.729540,11.454968,2.682042,0.974413,0.033999,,80.381045
2026.07.31-05.09.49:270,823,PL_SampleFPS,0.000000,0.000000,0.000000,59.755981,16.734726,9.675493,1.128369,0.750536,0.074412,,80.431203
2026.07.31-05.09.49:320,826,PL_SampleFPS,0.000000,0.000000,0.000000,60.212395,16.607876,9.794168,2.932862,0.974413,0.080827,,80.481063
2026.07.31-05.09.49:354,828,PL_SampleFPS,0.000000,0.000000,0.000000,59.860027,16.705639,9.761453,4.080476,0.973772,15.786905,,80.514650
2026.07.31-05.09.49:404,831,PL_SampleFPS,0.000000,0.000000,0.000000,60.417030,16.551624,9.557461,1.800644,0.638276,15.986407,,80.564840
2026.07.31-05.09.49:437,833,PL_SampleFPS,0.000000,0.000000,0.000000,60.100517,16.638792,9.658815,1.063579,0.758875,15.996029,,80.597888
2026.07.31-05.09.49:470,835,PL_SampleFPS,0.000000,0.000000,0.000000,59.749977,16.736408,9.665872,1.092446,0.690236,0.035282,,80.631260
2026.07.31-05.09.49:520,838,PL_SampleFPS,0.000000,0.000000,0.000000,59.702568,16.749699,11.632018,2.707060,0.982111,0.001283,,80.681291
2026.07.31-05.09.49:571,841,PL_SampleFPS,0.000000,0.000000,0.000000,57.272301,17.460447,12.690465,1.129011,0.771063,0.039772,,80.731494
2026.07.31-05.09.49:620,844,PL_SampleFPS,0.000000,0.000000,0.000000,60.081467,16.644068,9.597874,3.130439,0.975696,0.022452,,80.781335
2026.07.31-05.09.49:654,846,PL_SampleFPS,0.000000,0.000000,0.000000,59.771698,16.730326,10.573570,3.472991,0.977621,15.675929,,80.814989
2026.07.31-05.09.49:704,849,PL_SampleFPS,0.000000,0.000000,0.000000,60.721035,16.468758,9.643419,1.915469,0.898077,16.208361,,80.865260
2026.07.31-05.09.49:738,851,PL_SampleFPS,0.000000,0.000000,0.000000,60.331364,16.575127,9.995594,1.100144,1.029581,16.217340,,80.898504
2026.07.31-05.09.49:771,853,PL_SampleFPS,0.000000,0.000000,0.000000,60.067802,16.647854,9.681267,1.095654,0.937849,0.051960,,80.931762
2026.07.31-05.09.49:821,856,PL_SampleFPS,0.000000,0.000000,0.000000,59.829472,16.714170,9.484331,3.006633,0.971847,0.032074,,80.981679
2026.07.31-05.09.49:854,858,PL_SampleFPS,0.000000,0.000000,0.000000,59.649132,16.764704,9.518331,3.834146,0.980187,15.500162,,81.015147
2026.07.31-05.09.49:887,860,PL_SampleFPS,0.000000,0.000000,0.000000,59.512386,16.803225,10.522251,2.701928,1.069353,15.484125,,81.048295
2026.07.31-05.09.49:921,862,PL_SampleFPS,0.000000,0.000000,0.000000,59.662800,16.760862,10.547911,2.678834,0.969281,0.067356,,81.081647
2026.07.31-05.09.49:971,865,PL_SampleFPS,0.000000,0.000000,0.000000,57.489498,17.394482,12.143922,1.212404,1.017393,0.075054,,81.132043
2026.07.31-05.09.50:021,868,PL_SampleFPS,0.000000,0.000000,0.000000,59.820564,16.716660,11.895026,2.713475,0.971206,0.026942,,81.181862
2026.07.31-05.09.50:071,871,PL_SampleFPS,0.000000,0.000000,0.000000,60.292496,16.585812,9.527311,1.083465,1.026373,0.079544,,81.232206
2026.07.31-05.09.50:121,874,PL_SampleFPS,0.000000,0.000000,0.000000,59.392391,16.837173,9.885259,2.755812,0.975055,0.047470,,81.281891
2026.07.31-05.09.50:171,877,PL_SampleFPS,0.000000,0.000000,0.000000,60.084187,16.643314,9.697946,1.073843,1.016751,0.072488,,81.332279
2026.07.31-05.09.50:205,879,PL_SampleFPS,0.000000,0.000000,0.000000,60.068520,16.647655,9.806997,1.712119,1.015468,16.328318,,81.365853
2026.07.31-05.09.50:238,881,PL_SampleFPS,0.000000,0.000000,0.000000,59.911495,16.691288,10.139286,1.163009,1.254741,16.210926,,81.399035
2026.07.31-05.09.50:271,883,PL_SampleFPS,0.000000,0.000000,0.000000,58.214638,17.177811,11.709638,1.090522,1.022524,0.105203,,81.432378
2026.07.31-05.09.50:321,886,PL_SampleFPS,0.000000,0.000000,0.000000,59.640453,16.767143,11.464591,2.726304,0.977621,0.057734,,81.482069
2026.07.31-05.09.50:372,889,PL_SampleFPS,0.000000,0.000000,0.000000,60.229248,16.603230,9.677418,1.127086,1.028298,0.074412,,81.532597
2026.07.31-05.09.50:421,892,PL_SampleFPS,0.000000,0.000000,0.000000,59.415768,16.830549,10.346485,2.844979,0.971206,0.015396,,81.582199
2026.07.31-05.09.50:472,895,PL_SampleFPS,0.000000,0.000000,0.000000,60.656235,16.486351,9.678701,1.121313,1.022524,0.087242,,81.632637
2026.07.31-05.09.50:505,897,PL_SampleFPS,0.000000,0.000000,0.000000,59.011578,16.945827,11.117548,1.802568,1.019958,16.200022,,81.666192
2026.07.31-05.09.50:555,900,PL_SampleFPS,0.000000,0.000000,0.000000,60.164326,16.621145,10.098231,3.468501,0.976338,15.498238,,81.715918
2026.07.31-05.09.50:588,902,PL_SampleFPS,0.000000,0.000000,0.000000,59.841095,16.710924,9.735793,2.835998,1.050750,15.489899,,81.749038
2026.07.31-05.09.50:621,904,PL_SampleFPS,0.000000,0.000000,0.000000,59.637493,16.767975,9.617119,3.186248,0.977621,15.542500,,81.782386
2026.07.31-05.09.50:655,906,PL_SampleFPS,0.000000,0.000000,0.000000,59.834396,16.712795,10.313769,3.336997,0.980187,15.446919,,81.815929
2026.07.31-05.09.50:688,908,PL_SampleFPS,0.000000,0.000000,0.000000,59.620106,16.772865,11.397235,2.723097,1.070636,15.518765,,81.849226
2026.07.31-05.09.50:721,910,PL_SampleFPS,0.000000,0.000000,0.000000,59.489510,16.809687,9.896164,2.682683,0.980828,0.015396,,81.882459
2026.07.31-05.09.50:755,912,PL_SampleFPS,0.000000,0.000000,0.000000,59.791706,16.724728,9.910276,4.059307,0.978262,15.542500,,81.916150
2026.07.31-05.09.50:788,914,PL_SampleFPS,0.000000,0.000000,0.000000,59.543003,16.794584,10.605644,2.681401,1.055240,15.496955,,81.949152
2026.07.31-05.09.50:822,916,PL_SampleFPS,0.000000,0.000000,0.000000,60.148556,16.625504,10.281695,2.751964,0.980187,0.094298,,81.982643
2026.07.31-05.09.50:855,918,PL_SampleFPS,0.000000,0.000000,0.000000,57.794704,17.302624,12.307500,3.497367,0.981470,15.597668,,82.016307
2026.07.31-05.09.50:906,921,PL_SampleFPS,0.000000,0.000000,0.000000,60.655548,16.486538,9.762094,1.760230,1.030864,16.281488,,82.066561
2026.07.31-05.09.50:939,923,PL_SampleFPS,0.000000,0.000000,0.000000,60.231216,16.602686,10.048196,1.119388,1.273986,16.284056,,82.099820
2026.07.31-05.09.50:988,926,PL_SampleFPS,0.000000,0.000000,0.000000,59.943676,16.682327,10.266941,2.681401,1.059089,15.538010,,82.149398
2026.07.31-05.09.51:022,928,PL_SampleFPS,0.000000,0.000000,0.000000,59.678978,16.756319,10.842993,2.702569,0.976979,0.010264,,82.182863
2026.07.31-05.09.51:055,930,PL_SampleFPS,0.000000,0.000000,0.000000,59.482037,16.811798,10.047554,3.378693,0.974413,15.482201,,82.216356
2026.07.31-05.09.51:106,933,PL_SampleFPS,0.000000,0.000000,0.000000,60.177082,16.617622,9.833299,1.722383,0.981470,16.279564,,82.266745
2026.07.31-05.09.51:139,935,PL_SampleFPS,0.000000,0.000000,0.000000,60.268551,16.592402,9.715265,1.174556,1.164934,16.235302,,82.299937
2026.07.31-05.09.51:172,937,PL_SampleFPS,0.000000,0.000000,0.000000,59.995895,16.667807,9.868580,1.117464,0.941698,0.081468,,82.333196
2026.07.31-05.09.51:222,940,PL_SampleFPS,0.000000,0.000000,0.000000,59.736462,16.740194,9.742208,2.855884,0.975696,0.065431,,82.383331
2026.07.31-05.09.51:256,942,PL_SampleFPS,0.000000,0.000000,0.000000,59.666012,16.759960,9.876920,3.276697,0.984035,15.665024,,82.416502
2026.07.31-05.09.51:306,945,PL_SampleFPS,0.000000,0.000000,0.000000,60.284676,16.587963,9.367581,1.473487,0.829438,16.073648,,82.466682
2026.07.31-05.09.51:339,947,PL_SampleFPS,0.000000,0.000000,0.000000,60.008957,16.664179,9.822393,1.068711,0.883964,16.109571,,82.499909
2026.07.31-05.09.51:372,949,PL_SampleFPS,0.000000,0.000000,0.000000,59.736389,16.740215,9.814054,1.086673,0.760158,0.006415,,82.533214
2026.07.31-05.09.51:422,952,PL_SampleFPS,0.000000,0.000000,0.000000,59.674747,16.757507,9.696021,2.667929,0.975055,15.821546,,82.583139
2026.07.31-05.09.51:456,954,PL_SampleFPS,0.000000,0.000000,0.000000,58.912231,16.974403,10.874426,3.732150,0.981470,15.847205,,82.616624
2026.07.31-05.09.51:506,957,PL_SampleFPS,0.000000,0.000000,0.000000,60.415306,16.552097,9.602365,1.566502,0.665860,16.014631,,82.666861
2026.07.31-05.09.51:539,959,PL_SampleFPS,0.000000,0.000000,0.000000,60.118443,16.633831,9.696663,1.137350,0.697292,15.934446,,82.699948
2026.07.31-05.09.51:572,961,PL_SampleFPS,0.000000,0.000000,0.000000,59.745911,16.737547,9.785187,1.107200,0.665218,16.002443,,82.733452
2026.07.31-05.09.51:622,964,PL_SampleFPS,0.000000,0.000000,0.000000,59.708740,16.747967,9.964803,2.689098,0.977621,15.922900,,82.783338
2026.07.31-05.09.51:673,967,PL_SampleFPS,0.000000,0.000000,0.000000,59.762463,16.732912,9.583120,1.167500,0.755667,16.057611,,82.833659
2026.07.31-05.09.51:722,970,PL_SampleFPS,0.000000,0.000000,0.000000,59.396294,16.836067,10.551118,2.643553,0.976338,15.762529,,82.883412
2026.07.31-05.09.51:773,973,PL_SampleFPS,0.000000,0.000000,0.000000,60.103031,16.638096,9.339356,1.100144,0.822382,16.139080,,82.933744
2026.07.31-05.09.51:806,975,PL_SampleFPS,0.000000,0.000000,0.000000,59.071369,16.928675,10.768581,1.587030,0.855097,16.102516,,82.967211
2026.07.31-05.09.51:856,978,PL_SampleFPS,0.000000,0.000000,0.000000,59.795860,16.723566,9.834581,3.780262,0.977621,15.668231,,83.017064
2026.07.31-05.09.51:889,980,PL_SampleFPS,0.000000,0.000000,0.000000,59.596046,16.779636,9.890390,3.403711,1.037279,15.601517,,83.050289
2026.07.31-05.09.51:923,982,PL_SampleFPS,0.000000,0.000000,0.000000,59.345512,16.850473,10.656322,2.692306,0.980828,15.603441,,83.083656
2026.07.31-05.09.51:973,985,PL_SampleFPS,0.000000,0.000000,0.000000,60.076233,16.645517,9.665230,1.116181,0.980828,16.291754,,83.134163
2026.07.31-05.09.52:007,987,PL_SampleFPS,0.000000,0.000000,0.000000,59.940987,16.683075,9.777490,1.475412,1.000714,16.313564,,83.167548
2026.07.31-05.09.52:056,990,PL_SampleFPS,0.000000,0.000000,0.000000,59.920189,16.688866,9.451616,3.846334,0.994941,15.499521,,83.217354
2026.07.31-05.09.52:090,992,PL_SampleFPS,0.000000,0.000000,0.000000,59.672382,16.758171,9.697946,3.251038,1.046901,15.534802,,83.250552
2026.07.31-05.09.52:123,994,PL_SampleFPS,0.000000,0.000000,0.000000,57.117668,17.507717,13.015056,2.680117,0.977621,15.604083,,83.283849
2026.07.31-05.09.52:173,997,PL_SampleFPS,0.000000,0.000000,0.000000,60.532658,16.520008,9.426598,1.116822,1.014827,16.334732,,83.334331
2026.07.31-05.09.52:207,999,PL_SampleFPS,0.000000,0.000000,0.000000,60.192543,16.613354,9.834581,1.565861,1.021242,16.291111,,83.367932
2026.07.31-05.09.53:966,101,PL_SampleFPS,0.000000,0.000000,0.000000,57.235020,17.471821,13.565449,12.074641,16.550270,7.214122,,85.126753
2026.07.31-05.09.54:056,103,PL_SampleFPS,0.000000,0.000000,0.000000,32.357906,30.904346,20.216990,20.730177,16.306507,7.694593,,85.217179
2026.07.31-05.09.54:113,105,PL_SampleFPS,0.000000,0.000000,0.000000,34.092861,29.331654,14.709213,16.888973,17.496458,15.346207,,85.274051
2026.07.31-05.09.54:152,107,PL_SampleFPS,0.000000,0.000000,0.000000,39.059669,25.601854,21.712929,15.398167,17.286694,7.056317,,85.313219
2026.07.31-05.09.54:185,109,PL_SampleFPS,0.000000,0.000000,0.000000,45.828152,21.820648,16.389259,16.958254,17.048704,8.584331,,85.345989
2026.07.31-05.09.54:233,112,PL_SampleFPS,0.000000,0.000000,0.000000,55.342617,18.069258,16.602873,16.288546,17.826822,7.031299,,85.393736
2026.07.31-05.09.54:282,115,PL_SampleFPS,0.000000,0.000000,0.000000,59.822906,16.716005,15.310925,17.525326,20.098957,5.052323,,85.442522
2026.07.31-05.09.54:322,117,PL_SampleFPS,0.000000,0.000000,0.000000,56.182915,17.799006,15.310925,15.951125,20.263176,6.006850,,85.482766
